event_name,date,time,venue,city,state,latitude,longitude,category,url,source
"Wizards v Heat (City Edition T-Shirt - First 15,000 Fans)",2026-04-10,19:00:00,Capital One Arena,Washington,DC,38.897412,-77.020029,Sports,https://www.ticketmaster.com/wizards-v-heat-city-edition-tshirt-washington-district-of-columbia-04-10-2026/event/1500630DF9A45C80,ticketmaster
"Wizards v 76ers (G-Wiz Fuzzy Friend - First 10,000 Fans)",2026-04-01,19:00:00,Capital One Arena,Washington,DC,38.897412,-77.020029,Sports,https://www.ticketmaster.com/wizards-v-76ers-gwiz-fuzzy-friend-washington-district-of-columbia-04-01-2026/event/1500630DF99D5C6F,ticketmaster
Wizards VIP Packages: 4/1/2026,2026-04-01,19:00:00,Capital One Arena,Washington,DC,38.897412,-77.020029,Sports,https://www.gofevo.com/event/Wizards25220250918-152826036,ticketmaster
Wizards VIP Packages: 4/7/2026,2026-04-07,19:00:00,Capital One Arena,Washington,DC,38.897412,-77.020029,Sports,https://www.gofevo.com/event/Wizards25220250918-152826037,ticketmaster
Wizards VIP Packages: 4/9/2026,2026-04-09,19:00:00,Capital One Arena,Washington,DC,38.897412,-77.020029,Sports,https://www.gofevo.com/event/Wizards25220250918-152826038,ticketmaster
Wizards VIP Packages: 4/10/2026,2026-04-10,19:00:00,Capital One Arena,Washington,DC,38.897412,-77.020029,Sports,https://www.gofevo.com/event/Wizards25220250918-152826039,ticketmaster
Wizards v Bulls,2026-04-07,19:00:00,Capital One Arena,Washington,DC,38.897412,-77.020029,Sports,https://www.ticketmaster.com/wizards-v-bulls-washington-district-of-columbia-04-07-2026/event/1500630DF99F5C7A,ticketmaster
Wizards v Bulls,2026-04-09,19:00:00,Capital One Arena,Washington,DC,38.897412,-77.020029,Sports,https://www.ticketmaster.com/wizards-v-bulls-washington-district-of-columbia-04-09-2026/event/1500630DF9A25C7C,ticketmaster
Capitals vs Penguins (Fan Appreciation - Poster Giveaway),2026-04-12,15:00:00,Capital One Arena,Washington,DC,38.897412,-77.020029,Sports,https://www.ticketmaster.com/capitals-vs-penguins-fan-appreciation-poster-washington-district-of-columbia-04-12-2026/event/150062F0F372614B,ticketmaster
Capitals vs Sabres,2026-04-04,19:00:00,Capital One Arena,Washington,DC,38.897412,-77.020029,Sports,https://www.ticketmaster.com/capitals-vs-sabres-washington-district-of-columbia-04-04-2026/event/150062F0F3706142,ticketmaster
Washington Capitals VIP Tickets: 04/04/26,2026-04-04,19:00:00,Capital One Arena,Washington,DC,38.897412,-77.020029,Sports,https://www.gofevo.com/event/Capitals25220260109-1415010214,ticketmaster
Washington Capitals VIP Tickets: 04/12/26,2026-04-12,15:00:00,Capital One Arena,Washington,DC,38.897412,-77.020029,Sports,https://www.gofevo.com/event/Capitals25220260109-1415010215,ticketmaster
Washington Nationals vs New York Yankees: Marvel's Captain America Bobblehead,2026-07-10,18:45:00,Nationals Park,Washington,DC,38.882,-76.9925,Sports,https://www.ticketmaster.com/event/Z7r9jZ1A7Q8Po,ticketmaster
Washington Nationals vs. New York Yankees,2026-07-11,16:05:00,Nationals Park,Washington,DC,38.882,-76.9925,Sports,https://www.ticketmaster.com/event/Z7r9jZ1A7Q8PK,ticketmaster
Washington Nationals vs. New York Yankees,2026-07-12,13:35:00,Nationals Park,Washington,DC,38.882,-76.9925,Sports,https://www.ticketmaster.com/event/Z7r9jZ1A7Q8Pf,ticketmaster
Washington Nationals vs Los Angeles Dodgers: Nationals Home Opener,2026-04-03,13:05:00,Nationals Park,Washington,DC,38.882,-76.9925,Sports,https://www.ticketmaster.com/event/Z7r9jZ1A7Q8-z,ticketmaster
Washington Nationals vs. Los Angeles Dodgers,2026-04-04,16:05:00,Nationals Park,Washington,DC,38.882,-76.9925,Sports,https://www.ticketmaster.com/event/Z7r9jZ1A7Q8xZ,ticketmaster
Washington Nationals vs. Los Angeles Dodgers,2026-04-05,13:35:00,Nationals Park,Washington,DC,38.882,-76.9925,Sports,https://www.ticketmaster.com/event/Z7r9jZ1A7Q8xv,ticketmaster
D.C. United vs Orlando City SC,2026-04-25,19:30:00,Audi Field,Washington,DC,38.867998,-77.013642,Sports,https://www.ticketmaster.com/dc-united-vs-orlando-city-sc-washington-district-of-columbia-04-25-2026/event/15006393C914A15C,ticketmaster
Washington Mystics vs. Chicago Sky,2026-09-24,19:30:00,Capital One Arena,Washington,DC,38.897412,-77.020029,Sports,https://www.ticketmaster.com/washington-mystics-vs-chicago-sky-washington-district-of-columbia-09-24-2026/event/15006442ECCCA7E6,ticketmaster
WEEZER: The Gathering,2026-10-02,19:00:00,Capital One Arena,Washington,DC,38.897412,-77.020029,Music,https://www.ticketmaster.com/weezer-the-gathering-washington-district-of-columbia-10-02-2026/event/150064659BA28862,ticketmaster
Capital Classic,2026-04-04,10:30:00,Capital One Arena,Washington,DC,38.897412,-77.020029,Sports,https://www.ticketmaster.com/capital-classic-washington-district-of-columbia-04-04-2026/event/1500642618B8A1CD,ticketmaster
Johnny Blue Skies & The Dark Clouds - Mutiny For The Masses 2026 Tour,2026-10-18,20:00:00,Capital One Arena,Washington,DC,38.897412,-77.020029,Music,https://www.ticketmaster.com/johnny-blue-skies-the-dark-clouds-washington-district-of-columbia-10-18-2026/event/1500647B4E5C7E3A,ticketmaster
ZAYN: The Konnakol Tour,2026-11-11,20:00:00,Capital One Arena,Washington,DC,38.897412,-77.020029,Music,https://www.ticketmaster.com/zayn-the-konnakol-tour-washington-district-of-columbia-11-11-2026/event/15006435C5BFA265,ticketmaster
Demi Lovato: It's Not That Deep Tour,2026-04-16,20:00:00,Capital One Arena,Washington,DC,38.897412,-77.020029,Music,https://www.ticketmaster.com/demi-lovato-its-not-that-deep-washington-district-of-columbia-04-16-2026/event/15006350E64DA092,ticketmaster
Florence + The Machine - Everybody Scream Tour,2026-04-18,19:30:00,Capital One Arena,Washington,DC,38.897412,-77.020029,Music,https://www.ticketmaster.com/florence-the-machine-everybody-scream-tour-washington-district-of-columbia-04-18-2026/event/15006315D5C658AE,ticketmaster
RUSH: Fifty Something,2026-10-25,19:30:00,Capital One Arena,Washington,DC,38.897412,-77.020029,Music,https://www.ticketmaster.com/rush-fifty-something-washington-district-of-columbia-10-25-2026/event/15006350B9E88887,ticketmaster
RUSH: Fifty Something,2026-10-27,19:30:00,Capital One Arena,Washington,DC,38.897412,-77.020029,Music,https://www.ticketmaster.com/rush-fifty-something-washington-district-of-columbia-10-27-2026/event/150063551C7BC232,ticketmaster
Gorillaz - The Mountain Tour,2026-09-26,19:00:00,Capital One Arena,Washington,DC,38.897412,-77.020029,Music,https://www.ticketmaster.com/gorillaz-the-mountain-tour-washington-district-of-columbia-09-26-2026/event/15006429E074925B,ticketmaster
Romeo Santos & Prince Royce - Mejor Tarde Que Nunca Tour 2026,2026-04-05,20:00:00,Capital One Arena,Washington,DC,38.897412,-77.020029,Music,https://www.ticketmaster.com/romeo-santos-prince-royce-mejor-tarde-washington-district-of-columbia-04-05-2026/event/1500638B3D0C734F,ticketmaster
Ricardo Arjona  - LO QUE EL SECO NO DIJO TOUR ,2026-04-13,20:00:00,Capital One Arena,Washington,DC,38.897412,-77.020029,Music,https://www.ticketmaster.com/ricardo-arjona-lo-que-el-seco-washington-district-of-columbia-04-13-2026/event/15006321486E5565,ticketmaster
Doja Cat - Tour Ma Vie World Tour,2026-11-21,19:30:00,Capital One Arena,Washington,DC,38.897412,-77.020029,Music,https://www.ticketmaster.com/doja-cat-tour-ma-vie-world-washington-district-of-columbia-11-21-2026/event/15006339E5D65BD6,ticketmaster
Cardi B - Little Miss Drama Tour,2026-04-08,20:00:00,Capital One Arena,Washington,DC,38.897412,-77.020029,Music,https://www.ticketmaster.com/cardi-b-little-miss-drama-tour-washington-district-of-columbia-04-08-2026/event/1500632BE77644B1,ticketmaster
"R&B Experience DC: Tank,SWV,Ginuwine,Tamar Braxton,Silk,Lloyd,H-Town",2026-04-11,20:00:00,Capital One Arena,Washington,DC,38.897412,-77.020029,Music,https://www.ticketmaster.com/rb-experience-dc-tankswvginuwinetamar-braxtonsilklloydhtown-washington-district-of-columbia-04-11-2026/event/15006446996C74EE,ticketmaster
"Disney Descendants, ZOMBIES & Camp Rock: Worlds Collide Concert Tour",2026-11-17,19:00:00,Capital One Arena,Washington,DC,38.897412,-77.020029,Music,https://www.ticketmaster.com/disney-descendants-zombies-camp-rock-worlds-washington-district-of-columbia-11-17-2026/event/15006461F93AF40D,ticketmaster
Nate Bargatze: Big Dumb Eyes World Tour,2026-04-02,19:00:00,Capital One Arena,Washington,DC,38.897412,-77.020029,Arts & Theatre,https://www.ticketmaster.com/nate-bargatze-big-dumb-eyes-world-washington-district-of-columbia-04-02-2026/event/1500631B9EC63003,ticketmaster
Nate Bargatze: Big Dumb Eyes World Tour,2026-04-03,19:00:00,Capital One Arena,Washington,DC,38.897412,-77.020029,Arts & Theatre,https://www.ticketmaster.com/nate-bargatze-big-dumb-eyes-world-washington-district-of-columbia-04-03-2026/event/150062B6DE838371,ticketmaster
Washington Nationals vs. Atlanta Braves,2026-04-20,18:45:00,Nationals Park,Washington,DC,38.882,-76.9925,Sports,https://www.ticketmaster.com/event/Z7r9jZ1A7Q8x3,ticketmaster
Washington Nationals vs. Atlanta Braves,2026-04-21,18:45:00,Nationals Park,Washington,DC,38.882,-76.9925,Sports,https://www.ticketmaster.com/event/Z7r9jZ1A7Q8xK,ticketmaster
Washington Nationals vs. Atlanta Braves,2026-04-22,18:45:00,Nationals Park,Washington,DC,38.882,-76.9925,Sports,https://www.ticketmaster.com/event/Z7r9jZ1A7Q8x4,ticketmaster
Washington Nationals vs. Atlanta Braves,2026-04-23,13:05:00,Nationals Park,Washington,DC,38.882,-76.9925,Sports,https://www.ticketmaster.com/event/Z7r9jZ1A7Q8xp,ticketmaster
Washington Nationals vs. Atlanta Braves,2026-09-01,18:45:00,Nationals Park,Washington,DC,38.882,-76.9925,Sports,https://www.ticketmaster.com/event/Z7r9jZ1A7Q8Jk,ticketmaster
Washington Nationals vs. Atlanta Braves,2026-09-02,13:05:00,Nationals Park,Washington,DC,38.882,-76.9925,Sports,https://www.ticketmaster.com/event/Z7r9jZ1A7Q8J6,ticketmaster
Washington Nationals vs. San Diego Padres,2026-05-29,18:45:00,Nationals Park,Washington,DC,38.882,-76.9925,Sports,https://www.ticketmaster.com/event/Z7r9jZ1A7Q809,ticketmaster
Washington Nationals vs San Diego Padres: CJ Abrams Baseball Card Bobblehead,2026-05-30,16:05:00,Nationals Park,Washington,DC,38.882,-76.9925,Sports,https://www.ticketmaster.com/event/Z7r9jZ1A7Q80_,ticketmaster
Washington Nationals vs San Diego Padres: Kids Racing Presidents Hat,2026-05-31,13:35:00,Nationals Park,Washington,DC,38.882,-76.9925,Sports,https://www.ticketmaster.com/event/Z7r9jZ1A7Q80-,ticketmaster
Washington Nationals vs. Seattle Mariners,2026-06-12,18:45:00,Nationals Park,Washington,DC,38.882,-76.9925,Sports,https://www.ticketmaster.com/event/Z7r9jZ1A7Q80E,ticketmaster
Washington Nationals vs Seattle Mariners: Daylen Lile Bobblehead,2026-06-13,16:05:00,Nationals Park,Washington,DC,38.882,-76.9925,Sports,https://www.ticketmaster.com/event/Z7r9jZ1A7Q80t,ticketmaster
Washington Nationals vs. Seattle Mariners,2026-06-14,13:35:00,Nationals Park,Washington,DC,38.882,-76.9925,Sports,https://www.ticketmaster.com/event/Z7r9jZ1A7Q80Y,ticketmaster
Washington Nationals vs. Colorado Rockies,2026-08-24,18:45:00,Nationals Park,Washington,DC,38.882,-76.9925,Sports,https://www.ticketmaster.com/event/Z7r9jZ1A7Q8PV,ticketmaster
Koe Wetzel: The Night Champion World Tour,2026-08-20,18:45:00,The Anthem,Washington,DC,38.88009900,-77.02616500,Music,https://www.ticketmaster.com/koe-wetzel-the-night-champion-world-washington-district-of-columbia-08-20-2026/event/15006454C25BEE2E,ticketmaster
Social Distortion,2026-09-04,19:30:00,The Anthem,Washington,DC,38.88009900,-77.02616500,Music,https://www.ticketmaster.com/social-distortion-washington-district-of-columbia-09-04-2026/event/15006452E2B559E9,ticketmaster
Bush - The Land of Milk and Honey Tour,2026-04-09,19:00:00,The Anthem,Washington,DC,38.88009900,-77.02616500,Music,https://www.ticketmaster.com/bush-the-land-of-milk-and-washington-district-of-columbia-04-09-2026/event/15006393CA47A267,ticketmaster
JUNGLE - World Tour 2026,2026-09-17,20:00:00,The Anthem,Washington,DC,38.88009900,-77.02616500,Music,https://www.ticketmaster.com/jungle-world-tour-2026-washington-district-of-columbia-09-17-2026/event/15006472BA449C86,ticketmaster
Two Door Cinema Club - Tourist History 15th Anniversary Tour,2026-10-11,20:00:00,The Anthem,Washington,DC,38.88009900,-77.02616500,Music,https://www.ticketmaster.com/two-door-cinema-club-tourist-history-washington-district-of-columbia-10-11-2026/event/15006459B632539A,ticketmaster
The Kid LAROI - A Perfect World Tour,2026-05-11,20:00:00,The Anthem,Washington,DC,38.88009900,-77.02616500,Music,https://www.ticketmaster.com/the-kid-laroi-a-perfect-world-washington-district-of-columbia-05-11-2026/event/1500644AB2B8AE88,ticketmaster
KALEO - Way Down We Go Tour,2026-08-08,20:00:00,The Anthem,Washington,DC,38.88009900,-77.02616500,Music,https://www.ticketmaster.com/kaleo-way-down-we-go-tour-washington-district-of-columbia-08-08-2026/event/1500642EDBBFB1E9,ticketmaster
Marcus King Band - Darling Blue Tour Pt. 2,2026-06-03,20:00:00,The Anthem,Washington,DC,38.88009900,-77.02616500,Music,https://www.ticketmaster.com/marcus-king-band-darling-blue-tour-washington-district-of-columbia-06-03-2026/event/1500645BC03ECE2C,ticketmaster
Khalid: It's Always Summer Somewhere Tour,2026-05-31,19:30:00,The Anthem,Washington,DC,38.88009900,-77.02616500,Music,https://www.ticketmaster.com/khalid-its-always-summer-somewhere-tour-washington-district-of-columbia-05-31-2026/event/15006384BCE2A7DD,ticketmaster
Louis Tomlinson - How Did We Get Here? World Tour,2026-07-07,19:00:00,The Anthem,Washington,DC,38.88009900,-77.02616500,Music,https://www.ticketmaster.com/louis-tomlinson-how-did-we-get-washington-district-of-columbia-07-07-2026/event/1500633E87A24D65,ticketmaster
TREY SONGZ 20 YEARS OF TREY SONGZ LIVE IN CONCERT,2026-05-08,20:00:00,The Anthem,Washington,DC,38.88009900,-77.02616500,Music,https://www.ticketmaster.com/trey-songz-20-years-of-trey-washington-district-of-columbia-05-08-2026/event/15006467B3B190F0,ticketmaster
Jack Harlow - Monica Tour,2026-08-25,20:00:00,The Anthem,Washington,DC,38.88009900,-77.02616500,Music,https://www.ticketmaster.com/jack-harlow-monica-tour-washington-district-of-columbia-08-25-2026/event/1500646CE454E4D1,ticketmaster
LANY: Soft World Tour,2026-04-12,19:30:00,The Anthem,Washington,DC,38.88009900,-77.02616500,Music,https://www.ticketmaster.com/lany-soft-world-tour-washington-district-of-columbia-04-12-2026/event/1500634ECF97AB1D,ticketmaster
Calum Scott - The Avenoir Tour 2026,2026-04-21,20:00:00,The Anthem,Washington,DC,38.88009900,-77.02616500,Music,https://www.ticketmaster.com/calum-scott-the-avenoir-tour-2026-washington-district-of-columbia-04-21-2026/event/15006284A143419C,ticketmaster
Dermot Kennedy: The Weight of the Woods Tour,2026-09-21,20:00:00,The Anthem,Washington,DC,38.88009900,-77.02616500,Music,https://www.ticketmaster.com/dermot-kennedy-the-weight-of-the-washington-district-of-columbia-09-21-2026/event/15006479D7BAB082,ticketmaster
Lord Huron,2026-08-02,20:00:00,The Anthem,Washington,DC,38.88009900,-77.02616500,Music,https://www.ticketmaster.com/lord-huron-washington-district-of-columbia-08-02-2026/event/15006433979966FC,ticketmaster
MARTIN GARRIX AMERICAS TOUR,2026-06-05,19:30:00,The Anthem,Washington,DC,38.88009900,-77.02616500,Music,https://www.ticketmaster.com/martin-garrix-americas-tour-washington-district-of-columbia-06-05-2026/event/150063829D537523,ticketmaster
MARTIN GARRIX AMERICAS TOUR,2026-06-06,19:30:00,The Anthem,Washington,DC,38.88009900,-77.02616500,Music,https://www.ticketmaster.com/martin-garrix-americas-tour-washington-district-of-columbia-06-06-2026/event/15006388DF08B0A5,ticketmaster
Joost Klein: World Tour,2026-05-01,21:30:00,The Anthem,Washington,DC,38.88009900,-77.02616500,Music,https://www.ticketmaster.com/joost-klein-world-tour-washington-district-of-columbia-05-01-2026/event/15006427C3C16CB3,ticketmaster
Madison Beer: the locket tour,2026-07-06,19:30:00,The Anthem,Washington,DC,38.88009900,-77.02616500,Music,https://www.ticketmaster.com/madison-beer-the-locket-tour-washington-district-of-columbia-07-06-2026/event/1500642CA94C6AA9,ticketmaster
Waxahatchee & MJ Lenderman with special guest Brennan Wedl,2026-04-17,19:30:00,The Anthem,Washington,DC,38.88009900,-77.02616500,Music,https://www.ticketmaster.com/waxahatchee-mj-lenderman-with-special-guest-washington-district-of-columbia-04-17-2026/event/1500636DAC2482A8,ticketmaster
Bob Moses & Cannons: Afterglow Tour,2026-04-15,19:30:00,The Anthem,Washington,DC,38.88009900,-77.02616500,Music,https://www.ticketmaster.com/bob-moses-cannons-afterglow-tour-washington-district-of-columbia-04-15-2026/event/1500635EC0B69EAD,ticketmaster
Hatsune Miku - EXPO 2026 North America,2026-05-05,20:00:00,The Anthem,Washington,DC,38.88009900,-77.02616500,Music,https://www.ticketmaster.com/hatsune-miku-expo-2026-north-america-washington-district-of-columbia-05-05-2026/event/15006356FCDAB062,ticketmaster
YUNGBLUD: IDOLS - THE WORLD TOUR,2026-06-07,20:00:00,The Anthem,Washington,DC,38.88009900,-77.02616500,Music,https://www.ticketmaster.com/yungblud-idols-the-world-tour-washington-district-of-columbia-06-07-2026/event/15006341EA5487B4,ticketmaster
Bilmuri - Kinda Hard Tour,2026-05-16,19:00:00,The Anthem,Washington,DC,38.88009900,-77.02616500,Music,https://www.ticketmaster.com/bilmuri-kinda-hard-tour-washington-district-of-columbia-05-16-2026/event/15006383E2EFB942,ticketmaster
Floetry: Say Yes Tour,2026-04-22,20:00:00,The Anthem,Washington,DC,38.88009900,-77.02616500,Music,https://www.ticketmaster.com/floetry-say-yes-tour-washington-district-of-columbia-04-22-2026/event/1500644ADD52DB67,ticketmaster
Ashnikko,2026-05-09,19:30:00,The Anthem,Washington,DC,38.88009900,-77.02616500,Music,https://www.ticketmaster.com/ashnikko-washington-district-of-columbia-05-09-2026/event/1500632BC07E3385,ticketmaster
"ALL THE FEELINGS TOUR with METRIC, BROKEN SOCIAL SCENE, AND STARS",2026-08-01,19:00:00,The Anthem,Washington,DC,38.88009900,-77.02616500,Music,https://www.ticketmaster.com/all-the-feelings-tour-with-metric-washington-district-of-columbia-08-01-2026/event/1500643CDCA6CE4C,ticketmaster
Courtney Barnett - Creature of Habit Tour,2026-05-10,19:00:00,The Anthem,Washington,DC,38.88009900,-77.02616500,Music,https://www.ticketmaster.com/courtney-barnett-creature-of-habit-tour-washington-district-of-columbia-05-10-2026/event/1500642ED178AA94,ticketmaster
Ella Mai - Do You Still Love Me? Tour,2026-08-21,20:00:00,The Anthem,Washington,DC,38.88009900,-77.02616500,Music,https://www.ticketmaster.com/ella-mai-do-you-still-love-washington-district-of-columbia-08-21-2026/event/1500646DB156A317,ticketmaster
James Blake - Trying Times Tour,2026-06-02,20:00:00,The Anthem,Washington,DC,38.88009900,-77.02616500,Music,https://www.ticketmaster.com/james-blake-trying-times-tour-washington-district-of-columbia-06-02-2026/event/1500644ACCF4CC1D,ticketmaster
Robyn - The Sexistential Tour,2026-09-08,20:00:00,The Anthem,Washington,DC,38.88009900,-77.02616500,Music,https://www.ticketmaster.com/robyn-the-sexistential-tour-washington-district-of-columbia-09-08-2026/event/1500643CA76F93AE,ticketmaster
Robyn - The Sexistential Tour,2026-09-09,20:00:00,The Anthem,Washington,DC,38.88009900,-77.02616500,Music,https://www.ticketmaster.com/robyn-the-sexistential-tour-washington-district-of-columbia-09-09-2026/event/15006451B331B296,ticketmaster
The Neighbourhood: THE WOURLD TOUR,2026-04-10,19:30:00,The Anthem,Washington,DC,38.88009900,-77.02616500,Music,https://www.ticketmaster.com/the-neighbourhood-the-wourld-tour-washington-district-of-columbia-04-10-2026/event/1500635EBC999B25,ticketmaster
The Neighbourhood: THE WOURLD TOUR,2026-04-11,19:30:00,The Anthem,Washington,DC,38.88009900,-77.02616500,Music,https://www.ticketmaster.com/the-neighbourhood-the-wourld-tour-washington-district-of-columbia-04-11-2026/event/15006365918A5CCF,ticketmaster
Amyl and the Sniffers,2026-06-10,20:00:00,The Anthem,Washington,DC,38.88009900,-77.02616500,Music,https://www.ticketmaster.com/amyl-and-the-sniffers-washington-district-of-columbia-06-10-2026/event/150063829F7C78B1,ticketmaster
An Evening With PinkPantheress,2026-05-03,20:00:00,The Anthem,Washington,DC,38.88009900,-77.02616500,Music,https://www.ticketmaster.com/an-evening-with-pinkpantheress-washington-district-of-columbia-05-03-2026/event/15006385D42ABB97,ticketmaster
An Evening With PinkPantheress,2026-05-04,20:00:00,The Anthem,Washington,DC,38.88009900,-77.02616500,Music,https://www.ticketmaster.com/an-evening-with-pinkpantheress-washington-district-of-columbia-05-04-2026/event/15006388B05C8BF3,ticketmaster
How Sweet the Sound,2026-05-30,19:30:00,The Anthem,Washington,DC,38.88009900,-77.02616500,Music,https://www.ticketmaster.com/how-sweet-the-sound-washington-district-of-columbia-05-30-2026/event/15006374F4F6C2C9,ticketmaster
DAVE - The Boy Who Played the Harp Tour,2026-04-18,20:00:00,The Anthem,Washington,DC,38.88009900,-77.02616500,Music,https://www.ticketmaster.com/dave-the-boy-who-played-the-washington-district-of-columbia-04-18-2026/event/15006379C0277F19,ticketmaster
Baby Keem - The Ca$ino Tour,2026-05-28,20:30:00,The Anthem,Washington,DC,38.88009900,-77.02616500,Music,https://www.ticketmaster.com/baby-keem-the-caino-tour-washington-district-of-columbia-05-28-2026/event/15006445D4C0B603,ticketmaster
RAYE - THIS TOUR MAY CONTAIN NEW MUSIC,2026-04-26,20:00:00,The Anthem,Washington,DC,38.88009900,-77.02616500,Music,https://www.ticketmaster.com/raye-this-tour-may-contain-new-washington-district-of-columbia-04-26-2026/event/150063313ACE8945,ticketmaster
The Last Dinner Party: From The Pyre Tour,2026-04-07,20:00:00,The Anthem,Washington,DC,38.88009900,-77.02616500,Music,https://www.ticketmaster.com/the-last-dinner-party-from-the-washington-district-of-columbia-04-07-2026/event/1500634AE6279E89,ticketmaster
CA7RIEL & Paco Amoroso: FREE SPIRITS WORLD TOUR,2026-06-17,20:00:00,The Anthem,Washington,DC,38.88009900,-77.02616500,Music,https://www.ticketmaster.com/ca7riel-paco-amoroso-free-spirits-world-washington-district-of-columbia-06-17-2026/event/15006472FEB8E4A5,ticketmaster
Sugar,2026-10-14,20:00:00,The Anthem,Washington,DC,38.88009900,-77.02616500,Music,https://www.ticketmaster.com/sugar-washington-district-of-columbia-10-14-2026/event/15006434CBC39B12,ticketmaster
Jesse Welles - Red Tour 2026,2026-10-21,20:00:00,The Anthem,Washington,DC,38.88009900,-77.02616500,Music,https://www.ticketmaster.com/jesse-welles-red-tour-2026-washington-district-of-columbia-10-21-2026/event/1500645ABFA3D395,ticketmaster
Undertale - The Determination Symphony World Tour,2026-11-01,15:00:00,The Anthem,Washington,DC,38.88009900,-77.02616500,Music,https://www.ticketmaster.com/undertale-the-determination-symphony-world-tour-washington-district-of-columbia-11-01-2026/event/15006472080EF101,ticketmaster
The Book of Mormon (Touring),2026-04-28,19:30:00,The National Theatre,Washington,DC,38.89626652,-77.03053035,Arts & Theatre,https://www.ticketmaster.com/the-book-of-mormon-touring-washington-district-of-columbia-04-28-2026/event/1500638615B2E1D1,ticketmaster
The Book of Mormon (Touring),2026-04-29,19:30:00,The National Theatre,Washington,DC,38.89626652,-77.03053035,Arts & Theatre,https://www.ticketmaster.com/the-book-of-mormon-touring-washington-district-of-columbia-04-29-2026/event/1500638615B4E1D3,ticketmaster
The Book of Mormon (Touring),2026-04-30,19:30:00,The National Theatre,Washington,DC,38.89626652,-77.03053035,Arts & Theatre,https://www.ticketmaster.com/the-book-of-mormon-touring-washington-district-of-columbia-04-30-2026/event/1500638615B6E1D5,ticketmaster
The Book of Mormon (Touring),2026-05-01,19:30:00,The National Theatre,Washington,DC,38.89626652,-77.03053035,Arts & Theatre,https://www.ticketmaster.com/the-book-of-mormon-touring-washington-district-of-columbia-05-01-2026/event/1500638615B8E1D8,ticketmaster
The Book of Mormon (Touring),2026-05-02,19:30:00,The National Theatre,Washington,DC,38.89626652,-77.03053035,Arts & Theatre,https://www.ticketmaster.com/the-book-of-mormon-touring-washington-district-of-columbia-05-02-2026/event/1500638615BCE1E1,ticketmaster
The Book of Mormon (Touring),2026-05-03,19:30:00,The National Theatre,Washington,DC,38.89626652,-77.03053035,Arts & Theatre,https://www.ticketmaster.com/the-book-of-mormon-touring-washington-district-of-columbia-05-03-2026/event/1500638615BFE1E8,ticketmaster
Foo Fighters: TAKE COVER TOUR 2026,2026-08-17,17:30:00,Nationals Park,Washington,DC,38.87300500,-77.00741200,Music,https://www.ticketmaster.com/foo-fighters-take-cover-tour-2026-washington-district-of-columbia-08-17-2026/event/15006350F5A2A8F5,ticketmaster
Washington Nationals vs. Colorado Rockies,2026-08-25,18:45:00,Nationals Park,Washington,DC,38.882000000,-76.992500000,Sports,https://www.ticketmaster.com/event/Z7r9jZ1A7Q8Pg,ticketmaster
Washington Nationals vs. Colorado Rockies,2026-08-26,18:45:00,Nationals Park,Washington,DC,38.882000000,-76.992500000,Sports,https://www.ticketmaster.com/event/Z7r9jZ1A7Q8PM,ticketmaster
Washington Nationals vs. Colorado Rockies,2026-08-27,13:05:00,Nationals Park,Washington,DC,38.882000000,-76.992500000,Sports,https://www.ticketmaster.com/event/Z7r9jZ1A7Q8Pz,ticketmaster
Noah Kahan: The Great Divide Tour ,2026-07-22,18:30:00,Nationals Park,Washington,DC,38.87300500,-77.00741200,Music,https://www.ticketmaster.com/noah-kahan-the-great-divide-tour-washington-district-of-columbia-07-22-2026/event/15006441D117A0B6,ticketmaster
Washington Nationals vs. Arizona Diamondbacks,2026-07-24,18:45:00,Nationals Park,Washington,DC,38.882000000,-76.992500000,Sports,https://www.ticketmaster.com/event/Z7r9jZ1A7Q8Pp,ticketmaster
Washington Nationals vs Arizona Diamondbacks: Harry Potter Day Tank Top,2026-07-25,16:05:00,Nationals Park,Washington,DC,38.882000000,-76.992500000,Sports,https://www.ticketmaster.com/event/Z7r9jZ1A7Q8P9,ticketmaster
Washington Nationals vs Arizona Diamondbacks: Kids Plush Keychain,2026-07-26,13:35:00,Nationals Park,Washington,DC,38.882000000,-76.992500000,Sports,https://www.ticketmaster.com/event/Z7r9jZ1A7Q8P_,ticketmaster
Matt Mathews: Boujee On A Budget,2026-04-11,20:00:00,Warner Theatre,Washington,DC,38.89612090,-77.02961010,Arts & Theatre,https://www.ticketmaster.com/matt-mathews-boujee-on-a-budget-washington-district-of-columbia-04-11-2026/event/15006358CB8AB475,ticketmaster
SPRINGSTEEN & E STREET Land of Hope & Dreams American Tour,2026-05-27,20:00:00,Nationals Park,Washington,DC,38.87300500,-77.00741200,Music,https://www.ticketmaster.com/springsteen-e-street-land-of-hope-washington-district-of-columbia-05-27-2026/event/1500644EF492415C,ticketmaster
Beetlejuice (Touring),2026-07-07,19:30:00,The National Theatre,Washington,DC,38.89626652,-77.03053035,Arts & Theatre,https://www.ticketmaster.com/beetlejuice-touring-washington-district-of-columbia-07-07-2026/event/1500634FD9CF9A65,ticketmaster
Beetlejuice (Touring),2026-07-08,19:30:00,The National Theatre,Washington,DC,38.89626652,-77.03053035,Arts & Theatre,https://www.ticketmaster.com/beetlejuice-touring-washington-district-of-columbia-07-08-2026/event/1500634FD9D19A69,ticketmaster
Beetlejuice (Touring),2026-07-09,19:30:00,The National Theatre,Washington,DC,38.89626652,-77.03053035,Arts & Theatre,https://www.ticketmaster.com/beetlejuice-touring-washington-district-of-columbia-07-09-2026/event/1500634FD9D39A70,ticketmaster
Beetlejuice (Touring),2026-07-10,19:30:00,The National Theatre,Washington,DC,38.89626652,-77.03053035,Arts & Theatre,https://www.ticketmaster.com/beetlejuice-touring-washington-district-of-columbia-07-10-2026/event/1500634FD9D59A73,ticketmaster
Beetlejuice (Touring),2026-07-11,19:30:00,The National Theatre,Washington,DC,38.89626652,-77.03053035,Arts & Theatre,https://www.ticketmaster.com/beetlejuice-touring-washington-district-of-columbia-07-11-2026/event/1500634FD9D89A7A,ticketmaster
Beetlejuice (Touring),2026-07-12,14:00:00,The National Theatre,Washington,DC,38.89626652,-77.03053035,Arts & Theatre,https://www.ticketmaster.com/beetlejuice-touring-washington-district-of-columbia-07-12-2026/event/1500634FD9DA9A7D,ticketmaster
Beetlejuice (Touring),2026-07-14,19:30:00,The National Theatre,Washington,DC,38.89626652,-77.03053035,Arts & Theatre,https://www.ticketmaster.com/beetlejuice-touring-washington-district-of-columbia-07-14-2026/event/1500634FD9DD9A82,ticketmaster
Beetlejuice (Touring),2026-07-15,19:30:00,The National Theatre,Washington,DC,38.89626652,-77.03053035,Arts & Theatre,https://www.ticketmaster.com/beetlejuice-touring-washington-district-of-columbia-07-15-2026/event/1500634FD9DF9A85,ticketmaster
Beetlejuice (Touring),2026-07-16,19:30:00,The National Theatre,Washington,DC,38.89626652,-77.03053035,Arts & Theatre,https://www.ticketmaster.com/beetlejuice-touring-washington-district-of-columbia-07-16-2026/event/1500634FD9E09A87,ticketmaster
Beetlejuice (Touring),2026-07-17,19:30:00,The National Theatre,Washington,DC,38.89626652,-77.03053035,Arts & Theatre,https://www.ticketmaster.com/beetlejuice-touring-washington-district-of-columbia-07-17-2026/event/1500634FD9E29A89,ticketmaster
Beetlejuice (Touring),2026-07-18,19:30:00,The National Theatre,Washington,DC,38.89626652,-77.03053035,Arts & Theatre,https://www.ticketmaster.com/beetlejuice-touring-washington-district-of-columbia-07-18-2026/event/1500634FD9E59A91,ticketmaster
Beetlejuice (Touring),2026-07-19,19:30:00,The National Theatre,Washington,DC,38.89626652,-77.03053035,Arts & Theatre,https://www.ticketmaster.com/beetlejuice-touring-washington-district-of-columbia-07-19-2026/event/1500634FD9E89A99,ticketmaster
Beetlejuice (Touring),2026-07-21,19:30:00,The National Theatre,Washington,DC,38.89626652,-77.03053035,Arts & Theatre,https://www.ticketmaster.com/beetlejuice-touring-washington-district-of-columbia-07-21-2026/event/1500634FD9EA9A9C,ticketmaster
Beetlejuice (Touring),2026-07-22,19:30:00,The National Theatre,Washington,DC,38.89626652,-77.03053035,Arts & Theatre,https://www.ticketmaster.com/beetlejuice-touring-washington-district-of-columbia-07-22-2026/event/1500634FD9EC9A9F,ticketmaster
Beetlejuice (Touring),2026-07-23,19:30:00,The National Theatre,Washington,DC,38.89626652,-77.03053035,Arts & Theatre,https://www.ticketmaster.com/beetlejuice-touring-washington-district-of-columbia-07-23-2026/event/1500634FD9EE9AA3,ticketmaster
Beetlejuice (Touring),2026-07-24,19:30:00,The National Theatre,Washington,DC,38.89626652,-77.03053035,Arts & Theatre,https://www.ticketmaster.com/beetlejuice-touring-washington-district-of-columbia-07-24-2026/event/1500634FD9EF9AA5,ticketmaster
Beetlejuice (Touring),2026-07-25,14:00:00,The National Theatre,Washington,DC,38.89626652,-77.03053035,Arts & Theatre,https://www.ticketmaster.com/beetlejuice-touring-washington-district-of-columbia-07-25-2026/event/1500634FD9F19AA7,ticketmaster
Beetlejuice (Touring),2026-07-26,14:00:00,The National Theatre,Washington,DC,38.89626652,-77.03053035,Arts & Theatre,https://www.ticketmaster.com/beetlejuice-touring-washington-district-of-columbia-07-26-2026/event/1500634FD9F49AAF,ticketmaster
D.C. United vs Columbus Crew,2026-09-09,19:30:00,Audi Field,Washington,DC,38.86799800,-77.01364200,Sports,https://www.ticketmaster.com/dc-united-vs-columbus-crew-washington-district-of-columbia-09-09-2026/event/15006393C99AA1DE,ticketmaster
D.C. United vs Atlanta United FC,2026-09-12,19:30:00,Audi Field,Washington,DC,38.86799800,-77.01364200,Sports,https://www.ticketmaster.com/dc-united-vs-atlanta-united-fc-washington-district-of-columbia-09-12-2026/event/15006393C9ADA1ED,ticketmaster
D.C. United vs Charlotte FC,2026-09-19,19:30:00,Audi Field,Washington,DC,38.86799800,-77.01364200,Sports,https://www.ticketmaster.com/dc-united-vs-charlotte-fc-washington-district-of-columbia-09-19-2026/event/15006393C9CDA201,ticketmaster
Whose Live Anyway?,2026-04-18,19:30:00,Warner Theatre,Washington,DC,38.89612090,-77.02961010,Arts & Theatre,https://www.ticketmaster.com/whose-live-anyway-washington-district-of-columbia-04-18-2026/event/15006364F379B1F8,ticketmaster
D.C. United vs New York City FC,2026-11-07,16:00:00,Audi Field,Washington,DC,38.86799800,-77.01364200,Sports,https://www.ticketmaster.com/dc-united-vs-new-york-city-washington-district-of-columbia-11-07-2026/event/15006393CA1DA24A,ticketmaster
D.C. United vs Chicago Fire FC,2026-05-13,19:30:00,Audi Field,Washington,DC,38.86799800,-77.01364200,Sports,https://www.ticketmaster.com/dc-united-vs-chicago-fire-fc-washington-district-of-columbia-05-13-2026/event/15006393C923A16E,ticketmaster
D.C. United vs FC Dallas,2026-04-04,19:30:00,Audi Field,Washington,DC,38.86799800,-77.01364200,Sports,https://www.ticketmaster.com/dc-united-vs-fc-dallas-washington-district-of-columbia-04-04-2026/event/15006393C907A14A,ticketmaster
D.C. United vs. U.S. Open Cup Rnd. of 32,2026-04-15,19:30:00,Audi Field,Washington,DC,38.86799800,-77.01364200,Sports,https://www.ticketmaster.com/dc-united-vs-us-open-cup-washington-district-of-columbia-04-15-2026/event/1500643ADDDE98CC,ticketmaster
D.C. United vs. St. Louis City SC,2026-05-16,19:30:00,Audi Field,Washington,DC,38.86799800,-77.01364200,Sports,https://www.ticketmaster.com/dc-united-vs-st-louis-city-washington-district-of-columbia-05-16-2026/event/15006393C93DA17E,ticketmaster
D.C. United vs CF Montréal,2026-05-23,19:30:00,Audi Field,Washington,DC,38.86799800,-77.01364200,Sports,https://www.ticketmaster.com/dc-united-vs-cf-montreal-washington-district-of-columbia-05-23-2026/event/15006393C94BA187,ticketmaster
D.C. United vs Toronto FC,2026-07-25,19:30:00,Audi Field,Washington,DC,38.86799800,-77.01364200,Sports,https://www.ticketmaster.com/dc-united-vs-toronto-fc-washington-district-of-columbia-07-25-2026/event/15006393C957A18E,ticketmaster
D.C. United vs Nashville SC,2026-08-01,19:30:00,Audi Field,Washington,DC,38.86799800,-77.01364200,Sports,https://www.ticketmaster.com/dc-united-vs-nashville-sc-washington-district-of-columbia-08-01-2026/event/15006393C966A19D,ticketmaster
D.C. United vs New England Revolution,2026-08-19,19:30:00,Audi Field,Washington,DC,38.86799800,-77.01364200,Sports,https://www.ticketmaster.com/dc-united-vs-new-england-revolution-washington-district-of-columbia-08-19-2026/event/15006393C976A1B6,ticketmaster
D.C. United vs Los Angeles Football Club,2026-08-29,19:30:00,Audi Field,Washington,DC,38.86799800,-77.01364200,Sports,https://www.ticketmaster.com/dc-united-vs-los-angeles-football-washington-district-of-columbia-08-29-2026/event/15006393C988A1C8,ticketmaster
D.C. United vs New York Red Bulls,2026-10-14,19:30:00,Audi Field,Washington,DC,38.86799800,-77.01364200,Sports,https://www.ticketmaster.com/dc-united-vs-new-york-red-washington-district-of-columbia-10-14-2026/event/15006393C9FDA230,ticketmaster
D.C. United vs FC Cincinnati,2026-10-24,19:30:00,Audi Field,Washington,DC,38.86799800,-77.01364200,Sports,https://www.ticketmaster.com/dc-united-vs-fc-cincinnati-washington-district-of-columbia-10-24-2026/event/15006393CA10A242,ticketmaster
Dogstar - ALL IN NOW TOUR,2026-08-11,19:00:00,9:30 CLUB,Washington,DC,38.91795000,-77.02373000,Music,https://www.ticketmaster.com/dogstar-all-in-now-tour-washington-district-of-columbia-08-11-2026/event/15006463C510A2C5,ticketmaster
The Fab Four: HELP!,2026-05-01,19:30:00,Warner Theatre,Washington,DC,38.89612090,-77.02961010,Music,https://www.ticketmaster.com/the-fab-four-help-washington-district-of-columbia-05-01-2026/event/15006339BA984CD3,ticketmaster
Orchestra Noir,2026-05-23,20:00:00,Warner Theatre,Washington,DC,38.89612090,-77.02961010,Arts & Theatre,https://www.ticketmaster.com/orchestra-noir-washington-district-of-columbia-05-23-2026/event/150063917E6C3546,ticketmaster
An Evening With Celtic Thunder 2026: Celebrate Your Favorite Songs,2026-09-07,20:00:00,Warner Theatre,Washington,DC,38.89612090,-77.02961010,Music,https://www.ticketmaster.com/an-evening-with-celtic-thunder-2026-washington-district-of-columbia-09-07-2026/event/15006465E27CDECB,ticketmaster
Emo Night Brooklyn,2026-04-18,22:00:00,9:30 CLUB,Washington,DC,38.91795000,-77.02373000,Music,https://www.ticketmaster.com/emo-night-brooklyn-washington-district-of-columbia-04-18-2026/event/1500645ABEA1D223,ticketmaster
Daniel Tosh: My First Farewell Tour,2026-06-18,19:00:00,Warner Theatre,Washington,DC,38.89612090,-77.02961010,Arts & Theatre,https://www.ticketmaster.com/daniel-tosh-my-first-farewell-tour-washington-district-of-columbia-06-18-2026/event/150063728BD65E4F,ticketmaster
Daniel Tosh: My First Farewell Tour,2026-06-19,21:30:00,Warner Theatre,Washington,DC,38.89612090,-77.02961010,Arts & Theatre,https://www.ticketmaster.com/daniel-tosh-my-first-farewell-tour-washington-district-of-columbia-06-19-2026/event/15006437F44FD57A,ticketmaster
MrBallen: Lights out Live,2026-10-09,19:30:00,Warner Theatre,Washington,DC,38.89612090,-77.02961010,Arts & Theatre,https://www.ticketmaster.com/mrballen-lights-out-live-washington-district-of-columbia-10-09-2026/event/1500647186533E1B,ticketmaster
Sammy Rae & The Friends,2026-11-12,19:00:00,9:30 CLUB,Washington,DC,38.91795000,-77.02373000,Music,https://www.ticketmaster.com/sammy-rae-the-friends-washington-district-of-columbia-11-12-2026/event/15006470A02869C4,ticketmaster
Sammy Rae & The Friends,2026-11-13,18:00:00,9:30 CLUB,Washington,DC,38.91795000,-77.02373000,Music,https://www.ticketmaster.com/sammy-rae-the-friends-washington-district-of-columbia-11-13-2026/event/15006471C182931F,ticketmaster
Cancer Awareness Day: Washington Spirit vs. San Diego Wave FC,2026-08-02,16:00:00,Audi Field,Washington,DC,38.86799800,-77.01364200,Sports,https://www.ticketmaster.com/cancer-awareness-day-washington-spirit-vs-washington-district-of-columbia-08-02-2026/event/15006428D607849C,ticketmaster
DC Defenders vs. Houston Gamblers,2026-04-11,12:00:00,Audi Field,Washington,DC,38.86799800,-77.01364200,Sports,https://www.ticketmaster.com/dc-defenders-vs-houston-gamblers-washington-district-of-columbia-04-11-2026/event/1500639F9FAB5F64,ticketmaster
Throwback Night: Washington Spirit vs. Kansas City Current,2026-04-24,20:00:00,Audi Field,Washington,DC,38.86799800,-77.01364200,Sports,https://www.ticketmaster.com/throwback-night-washington-spirit-vs-kansas-washington-district-of-columbia-04-24-2026/event/15006428D5F18475,ticketmaster
Premium Spaces: Washington Spirit vs. Kansas City Current,2026-04-24,20:00:00,Audi Field,Washington,DC,38.86799800,-77.01364200,Sports,https://www.gofevo.com/group/PREMIUM0324,ticketmaster
Washington Spirit vs. Racing Louisville FC,2026-04-29,19:00:00,Audi Field,Washington,DC,38.86799800,-77.01364200,Sports,https://www.ticketmaster.com/washington-spirit-vs-racing-louisville-fc-washington-district-of-columbia-04-29-2026/event/15006428D5F5847A,ticketmaster
Premium Spaces: Washington Spirit vs. Racing Louisville FC,2026-04-29,19:00:00,Audi Field,Washington,DC,38.86799800,-77.01364200,Sports,https://www.gofevo.com/group/PREMIUM0429,ticketmaster
2026 Washington Spirit Full Season Memberships,2026-04-30,23:59:00,Audi Field,Washington,DC,38.86799800,-77.01364200,Sports,Https://am.ticketmaster.com/washingtonspirit/buy/quickbuy?id=MTk4MQ==&camefrom=tmhost,ticketmaster
Youth Night: Washington Spirit vs. Seattle Reign FC,2026-05-30,18:30:00,Audi Field,Washington,DC,38.86799800,-77.01364200,Sports,https://www.ticketmaster.com/youth-night-washington-spirit-vs-seattle-washington-district-of-columbia-05-30-2026/event/15006428D5F9847F,ticketmaster
Premium Spaces: Washington Spirit vs. Seattle Reign FC,2026-05-30,18:30:00,Audi Field,Washington,DC,38.86799800,-77.01364200,Sports,https://www.gofevo.com/group/PREMIUM0530,ticketmaster
In Spirit of Service Night: Washington Spirit vs. Houston Dash,2026-07-03,20:00:00,Audi Field,Washington,DC,38.86799800,-77.01364200,Sports,https://www.ticketmaster.com/in-spirit-of-service-night-washington-washington-district-of-columbia-07-03-2026/event/15006428D5FE8484,ticketmaster
Premium Spaces: Washington Spirit vs. Houston Dash,2026-07-03,20:00:00,Audi Field,Washington,DC,38.86799800,-77.01364200,Sports,https://www.gofevo.com/group/PREMIUM0703,ticketmaster
Women's Empowerment Night: Washington Spirit vs. Denver Summit FC,2026-07-26,19:00:00,Audi Field,Washington,DC,38.86799800,-77.01364200,Sports,https://www.ticketmaster.com/womens-empowerment-night-washington-spirit-vs-washington-district-of-columbia-07-26-2026/event/15006428D6038496,ticketmaster
Premium Spaces: Washington Spirit vs. Denver Summit FC,2026-07-26,19:00:00,Audi Field,Washington,DC,38.86799800,-77.01364200,Sports,https://www.gofevo.com/group/PREMIUM0726,ticketmaster
Premium Spaces: Washington Spirit vs. San Diego Wave FC,2026-08-02,16:00:00,Audi Field,Washington,DC,38.86799800,-77.01364200,Sports,https://www.gofevo.com/group/PREMIUM0802,ticketmaster
Culture Night: Washington Spirit vs. North Carolina Courage,2026-08-08,18:30:00,Audi Field,Washington,DC,38.86799800,-77.01364200,Sports,https://www.ticketmaster.com/culture-night-washington-spirit-vs-north-washington-district-of-columbia-08-08-2026/event/15006428D60C84A2,ticketmaster
Premium Spaces: Washington Spirit vs. North Carolina Courage,2026-08-08,18:30:00,Audi Field,Washington,DC,38.86799800,-77.01364200,Sports,https://www.gofevo.com/group/PREMIUM0808,ticketmaster
Pride: Washington Spirit vs. Orlando Pride,2026-08-23,16:00:00,Audi Field,Washington,DC,38.86799800,-77.01364200,Sports,https://www.ticketmaster.com/pride-washington-spirit-vs-orlando-pride-washington-district-of-columbia-08-23-2026/event/15006428D61184B2,ticketmaster
Premium Spaces: Washington Spirit vs. Orlando Pride,2026-08-23,16:00:00,Audi Field,Washington,DC,38.86799800,-77.01364200,Sports,https://www.gofevo.com/group/PREMIUM0823,ticketmaster
Washington Spirit vs. Bay FC,2026-08-30,12:30:00,Audi Field,Washington,DC,38.86799800,-77.01364200,Sports,https://www.ticketmaster.com/washington-spirit-vs-bay-fc-washington-district-of-columbia-08-30-2026/event/15006428D61584B7,ticketmaster
Premium Spaces: Washington Spirit vs. Bay FC,2026-08-30,12:30:00,Audi Field,Washington,DC,38.86799800,-77.01364200,Sports,https://www.gofevo.com/group/PREMIUM083026,ticketmaster
Spirit & Paws Day: Washington Spirit vs. Boston Legacy FC,2026-09-13,13:00:00,Audi Field,Washington,DC,38.86799800,-77.01364200,Sports,https://www.ticketmaster.com/spirit-paws-day-washington-spirit-vs-washington-district-of-columbia-09-13-2026/event/15006428D61984BC,ticketmaster
Premium Spaces: Washington Spirit vs. Boston Legacy FC,2026-09-13,13:00:00,Audi Field,Washington,DC,38.86799800,-77.01364200,Sports,https://www.gofevo.com/group/PRRMIUM0913,ticketmaster
CVS Health Day: Washington Spirit vs. Angel City FC,2026-09-26,18:30:00,Audi Field,Washington,DC,38.86799800,-77.01364200,Sports,https://www.ticketmaster.com/cvs-health-day-washington-spirit-vs-washington-district-of-columbia-09-26-2026/event/15006428D61E84C2,ticketmaster
Washington Spirit Premium Experiences,2026-09-26,18:30:00,Audi Field,Washington,DC,38.86799800,-77.01364200,Sports,https://www.gofevo.com/group/WSPREMEXP26?ref=TMHOST,ticketmaster
Premium Spaces: Washington Spirit vs. Angel City FC,2026-09-26,18:30:00,Audi Field,Washington,DC,38.86799800,-77.01364200,Sports,https://www.gofevo.com/group/PREMIUM0926,ticketmaster
District vs. Empire: Washington Spirit vs. NJ/NY Gotham FC,2026-10-17,12:30:00,Audi Field,Washington,DC,38.86799800,-77.01364200,Sports,https://www.ticketmaster.com/district-vs-empire-washington-spirit-vs-washington-district-of-columbia-10-17-2026/event/15006428D62284C6,ticketmaster
Premium Spaces: Washington Spirit vs. NJ/NY Gotham FC,2026-10-17,12:30:00,Audi Field,Washington,DC,38.86799800,-77.01364200,Sports,https://www.gofevo.com/group/PREMIUM1017,ticketmaster
Fan Appreciation: Washington Spirit vs. Chicago Stars FC,2026-11-01,17:00:00,Audi Field,Washington,DC,38.86799800,-77.01364200,Sports,https://www.ticketmaster.com/fan-appreciation-washington-spirit-vs-chicago-washington-district-of-columbia-11-01-2026/event/15006428D62784CA,ticketmaster
Premium Spaces: Washington Spirit vs. Chicago Stars FC,2026-11-01,17:00:00,Audi Field,Washington,DC,38.86799800,-77.01364200,Sports,https://www.gofevo.com/group/PREMIUM1101,ticketmaster
Washington Mystics vs. New York Liberty,2026-05-10,15:00:00,CareFirst Arena,Washington,DC,38.84683200,-76.99112900,Sports,https://www.ticketmaster.com/washington-mystics-vs-new-york-liberty-washington-district-of-columbia-05-10-2026/event/15006434A37C7AEA,ticketmaster
Washington Mystics vs. Indiana Fever,2026-06-08,20:00:00,CareFirst Arena,Washington,DC,38.84683200,-76.99112900,Sports,https://www.ticketmaster.com/washington-mystics-vs-indiana-fever-washington-district-of-columbia-06-08-2026/event/15006434A3897AF3,ticketmaster
Lucinda Williams And Her Band,2026-05-25,19:00:00,9:30 CLUB,Washington,DC,38.91795000,-77.02373000,Music,https://www.ticketmaster.com/lucinda-williams-and-her-band-washington-district-of-columbia-05-25-2026/event/1500646CCE06CBF2,ticketmaster
Lucinda Williams And Her Band,2026-05-26,19:00:00,9:30 CLUB,Washington,DC,38.91795000,-77.02373000,Music,https://www.ticketmaster.com/lucinda-williams-and-her-band-washington-district-of-columbia-05-26-2026/event/1500646DB1B5A387,ticketmaster
My Chemical Romance The Black Parade 2026,2026-08-18,19:00:00,Nationals Park,Washington,DC,38.87300500,-77.00741200,Music,https://www.ticketmaster.com/my-chemical-romance-the-black-parade-washington-district-of-columbia-08-18-2026/event/15006331B08D75C0,ticketmaster
The Taylor Party: Taylor Swift Night,2026-04-11,22:00:00,9:30 CLUB,Washington,DC,38.91795000,-77.02373000,Music,https://www.ticketmaster.com/the-taylor-party-taylor-swift-night-washington-district-of-columbia-04-11-2026/event/1500646ACE73A4D5,ticketmaster
Matt Fraser - America's Top Psychic Medium,2026-04-17,20:00:00,Warner Theatre,Washington,DC,38.89612090,-77.02961010,Miscellaneous,https://www.ticketmaster.com/matt-fraser-americas-top-psychic-medium-washington-district-of-columbia-04-17-2026/event/150062D0E8095A3D,ticketmaster
Todd Rundgren: DAMNED IF I DO TOUR,2026-07-09,20:00:00,Warner Theatre,Washington,DC,38.89612090,-77.02961010,Music,https://www.ticketmaster.com/todd-rundgren-damned-if-i-do-washington-district-of-columbia-07-09-2026/event/15006477DB24D01B,ticketmaster
Greensky Bluegrass - All Good Now Pre-Party,2026-06-12,19:00:00,9:30 CLUB,Washington,DC,38.91795000,-77.02373000,Music,https://www.ticketmaster.com/greensky-bluegrass-all-good-now-preparty-washington-district-of-columbia-06-12-2026/event/1500644CBBE8CBC1,ticketmaster
Laura Ramoso: The Calm Down Tour,2026-09-15,19:30:00,Warner Theatre,Washington,DC,38.89612090,-77.02961010,Arts & Theatre,https://www.ticketmaster.com/laura-ramoso-the-calm-down-tour-washington-district-of-columbia-09-15-2026/event/15006470D718ADD8,ticketmaster
Laura Ramoso: The Calm Down Tour,2026-09-16,19:30:00,Warner Theatre,Washington,DC,38.89612090,-77.02961010,Arts & Theatre,https://www.ticketmaster.com/laura-ramoso-the-calm-down-tour-washington-district-of-columbia-09-16-2026/event/15006479D59DAD68,ticketmaster
"KATHY GRIFFIN: New Face, New Tour",2026-10-17,19:00:00,Warner Theatre,Washington,DC,38.89612090,-77.02961010,Arts & Theatre,https://www.ticketmaster.com/kathy-griffin-new-face-new-tour-washington-district-of-columbia-10-17-2026/event/15006474322055AD,ticketmaster
Paul Anka,2026-04-14,20:00:00,Warner Theatre,Washington,DC,38.89612090,-77.02961010,Music,https://www.ticketmaster.com/paul-anka-washington-district-of-columbia-04-14-2026/event/1500636EA6527EA5,ticketmaster
Iron & Wine,2026-05-14,19:00:00,9:30 CLUB,Washington,DC,38.91795000,-77.02373000,Music,https://www.ticketmaster.com/iron-wine-washington-district-of-columbia-05-14-2026/event/15006388BF9B9804,ticketmaster
49 Winchester: Spring Tour 2026,2026-04-09,19:00:00,9:30 CLUB,Washington,DC,38.91795000,-77.02373000,Music,https://www.ticketmaster.com/49-winchester-spring-tour-2026-washington-district-of-columbia-04-09-2026/event/1500631DCC6344A2,ticketmaster
Washington Nationals vs. Los Angeles Angels,2026-09-11,18:45:00,Nationals Park,Washington,DC,38.882000000,-76.992500000,Sports,https://www.ticketmaster.com/event/Z7r9jZ1A7Q8Ja,ticketmaster
Washington Nationals vs Los Angeles Angels: Expos Replica Jersey,2026-09-12,16:05:00,Nationals Park,Washington,DC,38.882000000,-76.992500000,Sports,https://www.ticketmaster.com/event/Z7r9jZ1A7Q8J8,ticketmaster
Washington Nationals vs. Los Angeles Angels,2026-09-13,13:35:00,Nationals Park,Washington,DC,38.882000000,-76.992500000,Sports,https://www.ticketmaster.com/event/Z7r9jZ1A7Q8Jo,ticketmaster
Marisela - US Tour 2025,2026-04-10,20:30:00,Warner Theatre,Washington,DC,38.89612090,-77.02961010,Music,https://www.ticketmaster.com/marisela-us-tour-2025-washington-district-of-columbia-04-10-2026/event/15006227C3FF1C74,ticketmaster
Glen Hansard,2026-04-12,19:00:00,9:30 CLUB,Washington,DC,38.91795000,-77.02373000,Music,https://www.ticketmaster.com/glen-hansard-washington-district-of-columbia-04-12-2026/event/15006469AAA58D71,ticketmaster
Washington Nationals vs. Cincinnati Reds,2026-08-07,18:45:00,Nationals Park,Washington,DC,38.882000000,-76.992500000,Sports,https://www.ticketmaster.com/event/Z7r9jZ1A7Q8PP,ticketmaster
Washington Nationals vs Cincinnati Reds: Hawaiian Shirt & Shorts Set,2026-08-08,18:45:00,Nationals Park,Washington,DC,38.882000000,-76.992500000,Sports,https://www.ticketmaster.com/event/Z7r9jZ1A7Q8PJ,ticketmaster
Washington Nationals vs Cincinnati Reds: Kids Lunch Box,2026-08-09,12:15:00,Nationals Park,Washington,DC,38.882000000,-76.992500000,Sports,https://www.ticketmaster.com/event/Z7r9jZ1A7Q8PI,ticketmaster
Laszewo,2026-05-01,20:00:00,9:30 CLUB,Washington,DC,38.91795000,-77.02373000,Music,https://www.ticketmaster.com/laszewo-washington-district-of-columbia-05-01-2026/event/1500643A02D9AF63,ticketmaster
Laszewo,2026-05-02,22:00:00,9:30 CLUB,Washington,DC,38.91795000,-77.02373000,Music,https://www.ticketmaster.com/laszewo-washington-district-of-columbia-05-02-2026/event/1500643D9D929092,ticketmaster
Diplo,2026-05-22,22:00:00,Echostage,Washington,DC,38.91984858,-76.97281793,Music,https://www.ticketmaster.com/diplo-washington-district-of-columbia-05-22-2026/event/15006472F234D6C4,ticketmaster
Allie X,2026-04-18,18:00:00,9:30 CLUB,Washington,DC,38.91795000,-77.02373000,Music,https://www.ticketmaster.com/allie-x-washington-district-of-columbia-04-18-2026/event/15006365AA187360,ticketmaster
Maria Bamford,2026-10-03,19:30:00,Warner Theatre,Washington,DC,38.89612090,-77.02961010,Arts & Theatre,https://www.ticketmaster.com/maria-bamford-washington-district-of-columbia-10-03-2026/event/15006363F278D6A4,ticketmaster
Built To Spill,2026-06-01,19:00:00,9:30 CLUB,Washington,DC,38.91795000,-77.02373000,Music,https://www.ticketmaster.com/built-to-spill-washington-district-of-columbia-06-01-2026/event/1500645BB2D2B8F5,ticketmaster
Two Feet: The Next Steps Tour,2026-04-17,22:00:00,9:30 CLUB,Washington,DC,38.91795000,-77.02373000,Music,https://www.ticketmaster.com/two-feet-the-next-steps-tour-washington-district-of-columbia-04-17-2026/event/1500636ABF1A86D0,ticketmaster
Futurebirds - Far Out Country Tour,2026-06-08,19:00:00,9:30 CLUB,Washington,DC,38.91795000,-77.02373000,Music,https://www.ticketmaster.com/futurebirds-far-out-country-tour-washington-district-of-columbia-06-08-2026/event/15006463930556EC,ticketmaster
San Holo presents TRUE LOVE IN A MADE UP WORLD,2026-10-17,22:00:00,Echostage,Washington,DC,38.91984858,-76.97281793,Music,https://www.ticketmaster.com/san-holo-presents-true-love-in-washington-district-of-columbia-10-17-2026/event/1500647EC4DA8AB2,ticketmaster
Passion Pit - The Pretty Penny Tour,2026-07-28,19:00:00,9:30 CLUB,Washington,DC,38.91795000,-77.02373000,Music,https://www.ticketmaster.com/passion-pit-the-pretty-penny-tour-washington-district-of-columbia-07-28-2026/event/1500646395205A64,ticketmaster
Passion Pit - The Pretty Penny Tour,2026-07-29,19:00:00,9:30 CLUB,Washington,DC,38.91795000,-77.02373000,Music,https://www.ticketmaster.com/passion-pit-the-pretty-penny-tour-washington-district-of-columbia-07-29-2026/event/1500646395225A67,ticketmaster
St. Paul and the Broken Bones,2026-04-24,20:00:00,9:30 CLUB,Washington,DC,38.91795000,-77.02373000,Music,https://www.ticketmaster.com/st-paul-and-the-broken-bones-washington-district-of-columbia-04-24-2026/event/150063428A405964,ticketmaster
Buckethead,2026-05-24,19:00:00,9:30 CLUB,Washington,DC,38.91795000,-77.02373000,Music,https://www.ticketmaster.com/buckethead-washington-district-of-columbia-05-24-2026/event/1500643EBB13AA45,ticketmaster
Old 97's,2026-04-04,18:00:00,9:30 CLUB,Washington,DC,38.91795000,-77.02373000,Music,https://www.ticketmaster.com/old-97s-washington-district-of-columbia-04-04-2026/event/1500638CE20CD2EE,ticketmaster
Peter Hook & The Light - North American Tour 2026,2026-09-08,19:00:00,9:30 CLUB,Washington,DC,38.91795000,-77.02373000,Music,https://www.ticketmaster.com/peter-hook-the-light-north-american-washington-district-of-columbia-09-08-2026/event/1500630E250AE897,ticketmaster
STEVE AOKI - DIM MAK 30 TOUR,2026-04-25,22:00:00,Echostage,Washington,DC,38.91984858,-76.97281793,Music,https://www.ticketmaster.com/steve-aoki-dim-mak-30-tour-washington-district-of-columbia-04-25-2026/event/1500644E3E38363D,ticketmaster
Nick Offerman: Big Woodchuck,2026-04-15,19:00:00,Warner Theatre,Washington,DC,38.89612090,-77.02961010,Arts & Theatre,https://www.ticketmaster.com/nick-offerman-big-woodchuck-washington-district-of-columbia-04-15-2026/event/15006388F173BCE4,ticketmaster
The Wiz (Touring),2026-04-07,19:30:00,The National Theatre,Washington,DC,38.89626652,-77.03053035,Arts & Theatre,https://www.ticketmaster.com/the-wiz-touring-washington-district-of-columbia-04-07-2026/event/1500637C0852CE7C,ticketmaster
The Wiz (Touring),2026-04-08,19:30:00,The National Theatre,Washington,DC,38.89626652,-77.03053035,Arts & Theatre,https://www.ticketmaster.com/the-wiz-touring-washington-district-of-columbia-04-08-2026/event/1500637C0854CE7F,ticketmaster
The Wiz (Touring),2026-04-09,19:30:00,The National Theatre,Washington,DC,38.89626652,-77.03053035,Arts & Theatre,https://www.ticketmaster.com/the-wiz-touring-washington-district-of-columbia-04-09-2026/event/1500637C0856CE83,ticketmaster
The Wiz (Touring),2026-04-10,19:30:00,The National Theatre,Washington,DC,38.89626652,-77.03053035,Arts & Theatre,https://www.ticketmaster.com/the-wiz-touring-washington-district-of-columbia-04-10-2026/event/1500637C0858CE87,ticketmaster
The Wiz (Touring),2026-04-11,14:00:00,The National Theatre,Washington,DC,38.89626652,-77.03053035,Arts & Theatre,https://www.ticketmaster.com/the-wiz-touring-washington-district-of-columbia-04-11-2026/event/1500637C085CCE8D,ticketmaster
The Wiz (Touring),2026-04-12,19:30:00,The National Theatre,Washington,DC,38.89626652,-77.03053035,Arts & Theatre,https://www.ticketmaster.com/the-wiz-touring-washington-district-of-columbia-04-12-2026/event/1500637C085ECE90,ticketmaster
Let’s Sing Taylor - A Live Band Experience Celebrating Taylor Swift,2026-05-03,15:00:00,Warner Theatre,Washington,DC,38.89612090,-77.02961010,Music,https://www.ticketmaster.com/lets-sing-taylor-a-live-band-washington-district-of-columbia-05-03-2026/event/1500634E3676DBAB,ticketmaster
Bassem Youssef: The Belly of the Beast Tour,2026-04-03,19:30:00,Warner Theatre,Washington,DC,38.89612090,-77.02961010,Arts & Theatre,https://www.ticketmaster.com/bassem-youssef-the-belly-of-the-washington-district-of-columbia-04-03-2026/event/1500638117DAF59D,ticketmaster
American Football,2026-07-11,20:00:00,9:30 CLUB,Washington,DC,38.91795000,-77.02373000,Music,https://www.ticketmaster.com/american-football-washington-district-of-columbia-07-11-2026/event/1500643BBD08A333,ticketmaster
I LOVE YOU BUT... I CHOSE THE MAINE,2026-04-19,17:30:00,9:30 CLUB,Washington,DC,38.91795000,-77.02373000,Music,https://www.ticketmaster.com/i-love-you-but-i-chose-washington-district-of-columbia-04-19-2026/event/15006382D92DAF3C,ticketmaster
Fruit Bats,2026-11-14,22:00:00,9:30 CLUB,Washington,DC,38.91795000,-77.02373000,Music,https://www.ticketmaster.com/fruit-bats-washington-district-of-columbia-11-14-2026/event/15006472FA98DF66,ticketmaster
Washington Ballet Cinderella,2026-05-08,19:00:00,The National Theatre,Washington,DC,38.89626652,-77.03053035,Arts & Theatre,https://www.ticketmaster.com/washington-ballet-cinderella-washington-district-of-columbia-05-08-2026/event/1500646CC2D7BDDD,ticketmaster
Washington Ballet Cinderella,2026-05-09,14:00:00,The National Theatre,Washington,DC,38.89626652,-77.03053035,Arts & Theatre,https://www.ticketmaster.com/washington-ballet-cinderella-washington-district-of-columbia-05-09-2026/event/1500646CC2DCBDE5,ticketmaster
Washington Ballet Cinderella,2026-05-10,14:00:00,The National Theatre,Washington,DC,38.89626652,-77.03053035,Arts & Theatre,https://www.ticketmaster.com/washington-ballet-cinderella-washington-district-of-columbia-05-10-2026/event/1500646CC2E6BDF8,ticketmaster
Dogs In A Pile,2026-04-02,19:00:00,9:30 CLUB,Washington,DC,38.91795000,-77.02373000,Music,https://www.ticketmaster.com/dogs-in-a-pile-washington-district-of-columbia-04-02-2026/event/15006385908D6EC0,ticketmaster
The Lemon Twigs,2026-05-09,20:00:00,9:30 CLUB,Washington,DC,38.91795000,-77.02373000,Music,https://www.ticketmaster.com/the-lemon-twigs-washington-district-of-columbia-05-09-2026/event/15006442ADC37224,ticketmaster
Between the Buried and Me: The Blue Nowhere U.S. Tour - Spring 2026,2026-05-18,19:00:00,9:30 CLUB,Washington,DC,38.91795000,-77.02373000,Music,https://www.ticketmaster.com/between-the-buried-and-me-the-washington-district-of-columbia-05-18-2026/event/1500644CB4A1C284,ticketmaster
Rick Ross Port of Miami Orchestra Tour,2026-08-15,20:00:00,Warner Theatre,Washington,DC,38.89612090,-77.02961010,Music,https://www.ticketmaster.com/rick-ross-port-of-miami-orchestra-washington-district-of-columbia-08-15-2026/event/150064650B59A841,ticketmaster
José González - Against The Dying Of The Light Tour,2026-04-23,19:00:00,9:30 CLUB,Washington,DC,38.91795000,-77.02373000,Music,https://www.ticketmaster.com/jose-gonzalez-against-the-dying-of-washington-district-of-columbia-04-23-2026/event/15006389B5EB8D5C,ticketmaster
Maisie Peters: Before The Bloom,2026-04-14,19:00:00,9:30 CLUB,Washington,DC,38.91795000,-77.02373000,Music,https://www.ticketmaster.com/maisie-peters-before-the-bloom-washington-district-of-columbia-04-14-2026/event/1500643A8FEB568D,ticketmaster
The Midnight: Time Machines,2026-04-21,19:00:00,9:30 CLUB,Washington,DC,38.91795000,-77.02373000,Music,https://www.ticketmaster.com/the-midnight-time-machines-washington-district-of-columbia-04-21-2026/event/1500633E96B25DDB,ticketmaster
The Midnight: Time Machines,2026-04-22,19:00:00,9:30 CLUB,Washington,DC,38.91795000,-77.02373000,Music,https://www.ticketmaster.com/the-midnight-time-machines-washington-district-of-columbia-04-22-2026/event/15006349BA84A791,ticketmaster
The Church - THE SINGLES: 1980-2025 ,2026-06-26,19:00:00,9:30 CLUB,Washington,DC,38.91795000,-77.02373000,Music,https://www.ticketmaster.com/the-church-the-singles-19802025-washington-district-of-columbia-06-26-2026/event/1500626BB6F8317F,ticketmaster
Hot In Herre: 2000s Dance Party,2026-04-03,21:00:00,9:30 CLUB,Washington,DC,38.91795000,-77.02373000,Music,https://www.ticketmaster.com/hot-in-herre-2000s-dance-party-washington-district-of-columbia-04-03-2026/event/15006442F9B5B130,ticketmaster
White Ford Bronco,2026-06-27,20:00:00,9:30 CLUB,Washington,DC,38.91795000,-77.02373000,Music,https://www.ticketmaster.com/white-ford-bronco-washington-district-of-columbia-06-27-2026/event/15006449E60CADC4,ticketmaster
No Scrubs: 90s Dance Party EARLY EDITION,2026-05-15,18:00:00,9:30 CLUB,Washington,DC,38.91795000,-77.02373000,Music,https://www.ticketmaster.com/no-scrubs-90s-dance-party-early-washington-district-of-columbia-05-15-2026/event/1500644CA6A9AFD3,ticketmaster
Tortoise,2026-06-28,19:00:00,9:30 CLUB,Washington,DC,38.91795000,-77.02373000,Music,https://www.ticketmaster.com/tortoise-washington-district-of-columbia-06-28-2026/event/15006473B902AEC2,ticketmaster
of Montreal,2026-06-22,19:00:00,9:30 CLUB,Washington,DC,38.91795000,-77.02373000,Music,https://www.ticketmaster.com/of-montreal-washington-district-of-columbia-06-22-2026/event/15006466AF429D90,ticketmaster
LeAnn Rimes: 30 Years of Blue - The Voice. The Journey. The Truth,2026-05-15,20:00:00,Warner Theatre,Washington,DC,38.89612090,-77.02961010,Music,https://www.ticketmaster.com/leann-rimes-30-years-of-blue-washington-district-of-columbia-05-15-2026/event/1500637164972637,ticketmaster
The New Pornographers - The Former Site Of Tour,2026-05-21,19:00:00,9:30 CLUB,Washington,DC,38.91795000,-77.02373000,Music,https://www.ticketmaster.com/the-new-pornographers-the-former-site-washington-district-of-columbia-05-21-2026/event/1500636ECDD0A08C,ticketmaster
"The Paper Kites - If You Go There, I Hope You Find It",2026-05-06,19:00:00,9:30 CLUB,Washington,DC,38.91795000,-77.02373000,Music,https://www.ticketmaster.com/the-paper-kites-if-you-go-washington-district-of-columbia-05-06-2026/event/15006337259A7928,ticketmaster
Wunderhorse - North America 2026,2026-07-23,19:00:00,9:30 CLUB,Washington,DC,38.91795000,-77.02373000,Music,https://www.ticketmaster.com/wunderhorse-north-america-2026-washington-district-of-columbia-07-23-2026/event/1500646A9CB36758,ticketmaster
Allah-Las,2026-07-25,20:00:00,9:30 CLUB,Washington,DC,38.91795000,-77.02373000,Music,https://www.ticketmaster.com/allahlas-washington-district-of-columbia-07-25-2026/event/15006466034438EA,ticketmaster
NewDad,2026-04-29,19:00:00,9:30 CLUB,Washington,DC,38.91795000,-77.02373000,Music,https://www.ticketmaster.com/newdad-washington-district-of-columbia-04-29-2026/event/15006342DAE8777D,ticketmaster
Quarters,2026-04-16,18:00:00,9:30 CLUB,Washington,DC,38.91795000,-77.02373000,Music,https://www.ticketmaster.com/quarters-washington-district-of-columbia-04-16-2026/event/15006366965A68E2,ticketmaster
"MY BODY MY FESTIVAL: Yaya Bey, Nourished By Time and more",2026-05-28,18:30:00,9:30 CLUB,Washington,DC,38.91795000,-77.02373000,Music,https://www.ticketmaster.com/my-body-my-festival-yaya-bey-washington-district-of-columbia-05-28-2026/event/15006454FF89914F,ticketmaster
Tom Papa: Grateful Bread Tour,2026-10-10,19:00:00,Warner Theatre,Washington,DC,38.89612090,-77.02961010,Arts & Theatre,https://www.ticketmaster.com/tom-papa-grateful-bread-tour-washington-district-of-columbia-10-10-2026/event/15006477F66BEECE,ticketmaster
The Black Angels: Passover 2026 Tour,2026-05-19,19:00:00,9:30 CLUB,Washington,DC,38.91795000,-77.02373000,Music,https://www.ticketmaster.com/the-black-angels-passover-2026-tour-washington-district-of-columbia-05-19-2026/event/150064369C558728,ticketmaster
COBRAH - TORN TOUR,2026-05-07,19:00:00,9:30 CLUB,Washington,DC,38.91795000,-77.02373000,Music,https://www.ticketmaster.com/cobrah-torn-tour-washington-district-of-columbia-05-07-2026/event/1500643DF15DDDCB,ticketmaster
MO LOWDA & THE HUMBLE - Tailing the Ghost Tour,2026-10-10,18:00:00,9:30 CLUB,Washington,DC,38.91795000,-77.02373000,Music,https://www.ticketmaster.com/mo-lowda-the-humble-tailing-the-washington-district-of-columbia-10-10-2026/event/15006473954A712E,ticketmaster
WOLFMOTHER - 20th Anniversary Tour,2026-06-19,20:00:00,9:30 CLUB,Washington,DC,38.91795000,-77.02373000,Music,https://www.ticketmaster.com/wolfmother-20th-anniversary-tour-washington-district-of-columbia-06-19-2026/event/1500635DC3AFAB1B,ticketmaster
Josiah and the Bonnevilles - The Redline North America Tour,2026-06-24,19:00:00,9:30 CLUB,Washington,DC,38.91795000,-77.02373000,Music,https://www.ticketmaster.com/josiah-and-the-bonnevilles-the-redline-washington-district-of-columbia-06-24-2026/event/15006444A4216C09,ticketmaster
Chet Faker,2026-05-27,19:00:00,9:30 CLUB,Washington,DC,38.91795000,-77.02373000,Music,https://www.ticketmaster.com/chet-faker-washington-district-of-columbia-05-27-2026/event/15006355E72BA466,ticketmaster
ECHO & THE BUNNYMEN: More Songs To Learn & Sing,2026-06-05,20:00:00,Warner Theatre,Washington,DC,38.89612090,-77.02961010,Music,https://www.ticketmaster.com/echo-the-bunnymen-more-songs-to-washington-district-of-columbia-06-05-2026/event/150063501076B982,ticketmaster
HOLLY HUMBERSTONE - Cruel World North American Tour,2026-06-10,19:00:00,9:30 CLUB,Washington,DC,38.91795000,-77.02373000,Music,https://www.ticketmaster.com/holly-humberstone-cruel-world-north-american-washington-district-of-columbia-06-10-2026/event/15006444A61F6DCC,ticketmaster
Chance Peña,2026-08-07,20:00:00,9:30 CLUB,Washington,DC,38.91795000,-77.02373000,Music,https://www.ticketmaster.com/chance-pena-washington-district-of-columbia-08-07-2026/event/15006378D85498B2,ticketmaster
Chance Peña,2026-08-08,20:00:00,9:30 CLUB,Washington,DC,38.91795000,-77.02373000,Music,https://www.ticketmaster.com/chance-pena-washington-district-of-columbia-08-08-2026/event/15006379B65E7534,ticketmaster
The Knocks x Dragonette x Aquaria,2026-05-29,18:00:00,9:30 CLUB,Washington,DC,38.91795000,-77.02373000,Music,https://www.ticketmaster.com/the-knocks-x-dragonette-x-aquaria-washington-district-of-columbia-05-29-2026/event/1500644DB27AC49B,ticketmaster
INJI: this tour is superlame.,2026-06-14,19:00:00,9:30 CLUB,Washington,DC,38.91795000,-77.02373000,Music,https://www.ticketmaster.com/inji-this-tour-is-superlame-washington-district-of-columbia-06-14-2026/event/1500636DD8F4AA5B,ticketmaster
The Afghan Whigs 40th Anniversary Tour With Mercury Rev,2026-04-28,18:30:00,9:30 CLUB,Washington,DC,38.91795000,-77.02373000,Music,https://www.ticketmaster.com/the-afghan-whigs-40th-anniversary-tour-washington-district-of-columbia-04-28-2026/event/150064298AE4486A,ticketmaster
"Bridget Everett: Big Titties, Big Dreams",2026-04-12,20:00:00,Warner Theatre,Washington,DC,38.89612090,-77.02961010,Arts & Theatre,https://www.ticketmaster.com/bridget-everett-big-titties-big-dreams-washington-district-of-columbia-04-12-2026/event/1500637AF108BC8E,ticketmaster
HEALTH x CARPENTER BRUT,2026-04-20,19:00:00,9:30 CLUB,Washington,DC,38.91795000,-77.02373000,Music,https://www.ticketmaster.com/health-x-carpenter-brut-washington-district-of-columbia-04-20-2026/event/15006331DFF17BC2,ticketmaster
Whitney,2026-04-15,19:00:00,9:30 CLUB,Washington,DC,38.91795000,-77.02373000,Music,https://www.ticketmaster.com/whitney-washington-district-of-columbia-04-15-2026/event/15006324DD0E6ADD,ticketmaster
Tomahawk,2026-07-26,19:00:00,9:30 CLUB,Washington,DC,38.91795000,-77.02373000,Music,https://www.ticketmaster.com/tomahawk-washington-district-of-columbia-07-26-2026/event/15006451F19AF478,ticketmaster
Rare Essence with special guest EU featuring Sugar Bear,2026-07-03,20:00:00,9:30 CLUB,Washington,DC,38.91795000,-77.02373000,Music,https://www.ticketmaster.com/rare-essence-with-special-guest-eu-washington-district-of-columbia-07-03-2026/event/15006473B78AAD70,ticketmaster
GoldFord: Space of the Heart Tour,2026-04-17,18:00:00,9:30 CLUB,Washington,DC,38.91795000,-77.02373000,Music,https://www.ticketmaster.com/goldford-space-of-the-heart-tour-washington-district-of-columbia-04-17-2026/event/15006330DB2C57C2,ticketmaster
Searows - Death in the Business of Whaling,2026-05-05,19:00:00,9:30 CLUB,Washington,DC,38.91795000,-77.02373000,Music,https://www.ticketmaster.com/searows-death-in-the-business-of-washington-district-of-columbia-05-05-2026/event/15006389A55D7E83,ticketmaster
Snarky Puppy - Somni Tour 2026,2026-04-13,20:00:00,Warner Theatre,Washington,DC,38.89612090,-77.02961010,Music,https://www.ticketmaster.com/snarky-puppy-somni-tour-2026-washington-district-of-columbia-04-13-2026/event/150063468C5627D4,ticketmaster
CMAT,2026-05-10,19:00:00,9:30 CLUB,Washington,DC,38.91795000,-77.02373000,Music,https://www.ticketmaster.com/cmat-washington-district-of-columbia-05-10-2026/event/1500635D90FB7196,ticketmaster
Naïka - Eclesia Tour,2026-04-13,19:00:00,9:30 CLUB,Washington,DC,38.91795000,-77.02373000,Music,https://www.ticketmaster.com/naika-eclesia-tour-washington-district-of-columbia-04-13-2026/event/1500637291686AEA,ticketmaster
Oklou US Tour 2026,2026-04-27,19:00:00,9:30 CLUB,Washington,DC,38.91795000,-77.02373000,Music,https://www.ticketmaster.com/oklou-us-tour-2026-washington-district-of-columbia-04-27-2026/event/1500635EA44D882B,ticketmaster
rusowsky,2026-04-01,19:00:00,9:30 CLUB,Washington,DC,38.91795000,-77.02373000,Music,https://www.ticketmaster.com/rusowsky-washington-district-of-columbia-04-01-2026/event/15006378A5AD781B,ticketmaster
1D NIGHT,2026-04-04,22:00:00,9:30 CLUB,Washington,DC,38.91795000,-77.02373000,Music,https://www.ticketmaster.com/1d-night-washington-district-of-columbia-04-04-2026/event/1500645AE81C1E3C,ticketmaster
Earlybirds Club 2000s Party,2026-04-10,18:00:00,9:30 CLUB,Washington,DC,38.91795000,-77.02373000,Music,https://www.ticketmaster.com/earlybirds-club-2000s-party-washington-district-of-columbia-04-10-2026/event/1500643BA92D914A,ticketmaster
Strutman Lane,2026-04-11,17:00:00,9:30 CLUB,Washington,DC,38.91795000,-77.02373000,Music,https://www.ticketmaster.com/strutman-lane-washington-district-of-columbia-04-11-2026/event/15006437E4C8C828,ticketmaster
Robby Hoffman,2026-04-25,21:15:00,9:30 CLUB,Washington,DC,38.91795000,-77.02373000,Arts & Theatre,https://www.ticketmaster.com/robby-hoffman-washington-district-of-columbia-04-25-2026/event/15006425AF7266B2,ticketmaster
The 30+ Party,2026-05-02,18:00:00,9:30 CLUB,Washington,DC,38.91795000,-77.02373000,Music,https://www.ticketmaster.com/the-30-party-washington-district-of-columbia-05-02-2026/event/15006434C6A3969F,ticketmaster
fakemink: a Terrible Beauty . - The Tour,2026-05-03,19:00:00,9:30 CLUB,Washington,DC,38.91795000,-77.02373000,Music,https://www.ticketmaster.com/fakemink-a-terrible-beauty-the-tour-washington-district-of-columbia-05-03-2026/event/1500645492F28BB6,ticketmaster
Chuwi - Primavera Tour 2026,2026-05-08,20:00:00,9:30 CLUB,Washington,DC,38.91795000,-77.02373000,Music,https://www.ticketmaster.com/chuwi-primavera-tour-2026-washington-district-of-columbia-05-08-2026/event/15006442904F5371,ticketmaster
Clara La San - Chosen Silences Tour 2026,2026-05-13,19:00:00,9:30 CLUB,Washington,DC,38.91795000,-77.02373000,Music,https://www.ticketmaster.com/clara-la-san-chosen-silences-tour-washington-district-of-columbia-05-13-2026/event/1500644DBBB0D4E8,ticketmaster
underscores: Galleria - North American Chapter,2026-06-11,19:00:00,9:30 CLUB,Washington,DC,38.91795000,-77.02373000,Music,https://www.ticketmaster.com/underscores-galleria-north-american-chapter-washington-district-of-columbia-06-11-2026/event/1500645AD188EC87,ticketmaster
Eagles Of Death Metal - Death By Sexy 20th Anniversary Tour,2026-08-13,19:00:00,9:30 CLUB,Washington,DC,38.91795000,-77.02373000,Music,https://www.ticketmaster.com/eagles-of-death-metal-death-by-washington-district-of-columbia-08-13-2026/event/15006472F8C8DD60,ticketmaster
The Slickee Boys 50th Anniversary Party,2026-05-30,20:00:00,9:30 CLUB,Washington,DC,38.91795000,-77.02373000,Music,https://www.ticketmaster.com/the-slickee-boys-50th-anniversary-party-washington-district-of-columbia-05-30-2026/event/1500647396627386,ticketmaster
Pattie Gonia: SAVE HER! Feat. Sequoia and VERA!,2026-05-31,19:00:00,9:30 CLUB,Washington,DC,38.91795000,-77.02373000,Arts & Theatre,https://www.ticketmaster.com/pattie-gonia-save-her-feat-sequoia-washington-district-of-columbia-05-31-2026/event/15006382E492B6B3,ticketmaster
JeCaryous Johnson Presents: Set It Off Live!,2026-04-24,20:00:00,Warner Theatre,Washington,DC,38.89612090,-77.02961010,Arts & Theatre,https://www.ticketmaster.com/jecaryous-johnson-presents-set-it-off-washington-district-of-columbia-04-24-2026/event/1500645119289F59,ticketmaster
JeCaryous Johnson Presents: Set It Off Live!,2026-04-25,20:00:00,Warner Theatre,Washington,DC,38.89612090,-77.02961010,Arts & Theatre,https://www.ticketmaster.com/jecaryous-johnson-presents-set-it-off-washington-district-of-columbia-04-25-2026/event/15006451192E9F60,ticketmaster
Yebba - Jean Tour,2026-06-04,19:00:00,9:30 CLUB,Washington,DC,38.91795000,-77.02373000,Music,https://www.ticketmaster.com/yebba-jean-tour-washington-district-of-columbia-06-04-2026/event/150064616B8E294E,ticketmaster
hemlocke springs: the apple tree under the sea tour,2026-06-09,19:00:00,9:30 CLUB,Washington,DC,38.91795000,-77.02373000,Music,https://www.ticketmaster.com/hemlocke-springs-the-apple-tree-under-washington-district-of-columbia-06-09-2026/event/15006446957D6FDD,ticketmaster
Kitty Kat Ball,2026-06-07,19:15:00,9:30 CLUB,Washington,DC,38.91795000,-77.02373000,Arts & Theatre,https://www.ticketmaster.com/kitty-kat-ball-washington-district-of-columbia-06-07-2026/event/1500647ADDF2AA56,ticketmaster
myspace nite,2026-06-13,22:00:00,9:30 CLUB,Washington,DC,38.91795000,-77.02373000,Music,https://www.ticketmaster.com/myspace-nite-washington-district-of-columbia-06-13-2026/event/15006481CA6DB15E,ticketmaster
Joshua Slone - Thinking Too Much Tour,2026-06-13,18:00:00,9:30 CLUB,Washington,DC,38.91795000,-77.02373000,Music,https://www.ticketmaster.com/joshua-slone-thinking-too-much-tour-washington-district-of-columbia-06-13-2026/event/15006478A3A36C8E,ticketmaster
Rostam - American Stories Tour,2026-06-20,18:00:00,9:30 CLUB,Washington,DC,38.91795000,-77.02373000,Music,https://www.ticketmaster.com/rostam-american-stories-tour-washington-district-of-columbia-06-20-2026/event/15006463B5E98BDA,ticketmaster
The DMV's Ultimate 00's Live Band Dance Party ft. So Fetch,2026-07-18,20:00:00,9:30 CLUB,Washington,DC,38.91795000,-77.02373000,Music,https://www.ticketmaster.com/the-dmvs-ultimate-00s-live-band-washington-district-of-columbia-07-18-2026/event/1500646CDDF6DDA3,ticketmaster
Hiss Golden Messenger - I'm People Tour,2026-11-07,18:00:00,9:30 CLUB,Washington,DC,38.91795000,-77.02373000,Music,https://www.ticketmaster.com/hiss-golden-messenger-im-people-tour-washington-district-of-columbia-11-07-2026/event/15006446BCD2A4AE,ticketmaster
Sara Landry,2026-06-12,22:00:00,Echostage,Washington,DC,38.91984858,-76.97281793,Music,https://www.ticketmaster.com/sara-landry-washington-district-of-columbia-06-12-2026/event/15006473A2E6942B,ticketmaster
Melanie C World Tour,2026-09-11,18:00:00,9:30 CLUB,Washington,DC,38.91795000,-77.02373000,Music,https://www.ticketmaster.com/melanie-c-world-tour-washington-district-of-columbia-09-11-2026/event/15006462DD4CCC5C,ticketmaster
Public Image Ltd - This Is Not The Last Tour,2026-10-01,19:00:00,9:30 CLUB,Washington,DC,38.91795000,-77.02373000,Music,https://www.ticketmaster.com/public-image-ltd-this-is-not-washington-district-of-columbia-10-01-2026/event/15006466ADFD9BB2,ticketmaster
oskar med k,2026-09-17,19:00:00,9:30 CLUB,Washington,DC,38.91795000,-77.02373000,Music,https://www.ticketmaster.com/oskar-med-k-washington-district-of-columbia-09-17-2026/event/1500646DB347A5E9,ticketmaster
"SEX PISTOLS (Steve Jones, Paul Cook, Glen Matlock) feat. Frank Carter",2026-09-29,19:30:00,9:30 CLUB,Washington,DC,38.91795000,-77.02373000,Music,https://www.ticketmaster.com/sex-pistols-steve-jones-paul-cook-washington-district-of-columbia-09-29-2026/event/1500627A14967C90,ticketmaster
Die Spitz,2026-11-17,19:00:00,9:30 CLUB,Washington,DC,38.91795000,-77.02373000,Music,https://www.ticketmaster.com/die-spitz-washington-district-of-columbia-11-17-2026/event/15006453B4F5BC66,ticketmaster
Disclosure [DJ Set],2026-05-06,21:00:00,Echostage,Washington,DC,38.91984858,-76.97281793,Music,https://www.ticketmaster.com/disclosure-dj-set-washington-district-of-columbia-05-06-2026/event/15006462BE0EAB99,ticketmaster
Bobby Lee: The Finally Tour 2026,2026-09-25,19:00:00,Warner Theatre,Washington,DC,38.89612090,-77.02961010,Arts & Theatre,https://www.ticketmaster.com/bobby-lee-the-finally-tour-2026-washington-district-of-columbia-09-25-2026/event/15006469DBEFBCFC,ticketmaster
Disney's Beauty and the Beast (Touring),2026-04-01,19:00:00,The National Theatre,Washington,DC,38.89626652,-77.03053035,Arts & Theatre,https://www.ticketmaster.com/disneys-beauty-and-the-beast-touring-washington-district-of-columbia-04-01-2026/event/15006367D44E9E96,ticketmaster
Disney's Beauty and the Beast (Touring),2026-04-03,13:30:00,The National Theatre,Washington,DC,38.89626652,-77.03053035,Arts & Theatre,https://www.ticketmaster.com/disneys-beauty-and-the-beast-touring-washington-district-of-columbia-04-03-2026/event/15006367D4549EA1,ticketmaster
Disney's Beauty and the Beast (Touring),2026-04-02,19:00:00,The National Theatre,Washington,DC,38.89626652,-77.03053035,Arts & Theatre,https://www.ticketmaster.com/disneys-beauty-and-the-beast-touring-washington-district-of-columbia-04-02-2026/event/15006367D4509E99,ticketmaster
Disney's Beauty and the Beast (Touring),2026-04-04,19:00:00,The National Theatre,Washington,DC,38.89626652,-77.03053035,Arts & Theatre,https://www.ticketmaster.com/disneys-beauty-and-the-beast-touring-washington-district-of-columbia-04-04-2026/event/15006367D4569EA3,ticketmaster
Disney's Beauty and the Beast (Touring),2026-04-05,13:30:00,The National Theatre,Washington,DC,38.89626652,-77.03053035,Arts & Theatre,https://www.ticketmaster.com/disneys-beauty-and-the-beast-touring-washington-district-of-columbia-04-05-2026/event/15006367D45A9EAF,ticketmaster
Bruce Cockburn In Concert with special guest Livingston Taylor,2026-10-27,20:00:00,Warner Theatre,Washington,DC,38.89612090,-77.02961010,Music,https://www.ticketmaster.com/bruce-cockburn-in-concert-with-special-washington-district-of-columbia-10-27-2026/event/150064571DFFB213,ticketmaster
Fire & Ice - The Immersive Live Music Show,2027-02-15,19:00:00,9:30 CLUB,Washington,DC,38.91795000,-77.02373000,Arts & Theatre,https://www.ticketmaster.com/fire-ice-the-immersive-live-music-washington-district-of-columbia-02-15-2027/event/1500622C01052C3C,ticketmaster
Reggaeton Rave,2026-04-03,22:00:00,Echostage,Washington,DC,38.91984858,-76.97281793,Music,https://www.ticketmaster.com/reggaeton-rave-washington-district-of-columbia-04-03-2026/event/1500646BD3D2B472,ticketmaster
Mon Laferte - Femme Fatale Tour,2026-07-31,20:00:00,Warner Theatre,Washington,DC,38.89612090,-77.02961010,Music,https://www.ticketmaster.com/mon-laferte-femme-fatale-tour-washington-district-of-columbia-07-31-2026/event/15006474BC7F98A2,ticketmaster
The Great Gatsby (Touring),2026-05-12,19:30:00,The National Theatre,Washington,DC,38.89626652,-77.03053035,Arts & Theatre,https://www.ticketmaster.com/the-great-gatsby-touring-washington-district-of-columbia-05-12-2026/event/1500637C112BD71E,ticketmaster
The Great Gatsby (Touring),2026-05-13,19:30:00,The National Theatre,Washington,DC,38.89626652,-77.03053035,Arts & Theatre,https://www.ticketmaster.com/the-great-gatsby-touring-washington-district-of-columbia-05-13-2026/event/1500637C112CD723,ticketmaster
The Great Gatsby (Touring),2026-05-14,19:30:00,The National Theatre,Washington,DC,38.89626652,-77.03053035,Arts & Theatre,https://www.ticketmaster.com/the-great-gatsby-touring-washington-district-of-columbia-05-14-2026/event/1500637C112ED728,ticketmaster
The Great Gatsby (Touring),2026-05-15,19:30:00,The National Theatre,Washington,DC,38.89626652,-77.03053035,Arts & Theatre,https://www.ticketmaster.com/the-great-gatsby-touring-washington-district-of-columbia-05-15-2026/event/1500637C1131D72B,ticketmaster
The Great Gatsby (Touring),2026-05-16,19:30:00,The National Theatre,Washington,DC,38.89626652,-77.03053035,Arts & Theatre,https://www.ticketmaster.com/the-great-gatsby-touring-washington-district-of-columbia-05-16-2026/event/1500637C1132D72F,ticketmaster
The Great Gatsby (Touring),2026-05-17,14:00:00,The National Theatre,Washington,DC,38.89626652,-77.03053035,Arts & Theatre,https://www.ticketmaster.com/the-great-gatsby-touring-washington-district-of-columbia-05-17-2026/event/1500637C1138D73D,ticketmaster
The Great Gatsby (Touring),2026-05-19,19:30:00,The National Theatre,Washington,DC,38.89626652,-77.03053035,Arts & Theatre,https://www.ticketmaster.com/the-great-gatsby-touring-washington-district-of-columbia-05-19-2026/event/1500637C113AD741,ticketmaster
The Great Gatsby (Touring),2026-05-20,19:30:00,The National Theatre,Washington,DC,38.89626652,-77.03053035,Arts & Theatre,https://www.ticketmaster.com/the-great-gatsby-touring-washington-district-of-columbia-05-20-2026/event/1500637C113CD746,ticketmaster
The Great Gatsby (Touring),2026-05-21,19:30:00,The National Theatre,Washington,DC,38.89626652,-77.03053035,Arts & Theatre,https://www.ticketmaster.com/the-great-gatsby-touring-washington-district-of-columbia-05-21-2026/event/1500637C113ED74B,ticketmaster
The Great Gatsby (Touring),2026-05-22,19:30:00,The National Theatre,Washington,DC,38.89626652,-77.03053035,Arts & Theatre,https://www.ticketmaster.com/the-great-gatsby-touring-washington-district-of-columbia-05-22-2026/event/1500637C1140D752,ticketmaster
The Great Gatsby (Touring),2026-05-23,19:30:00,The National Theatre,Washington,DC,38.89626652,-77.03053035,Arts & Theatre,https://www.ticketmaster.com/the-great-gatsby-touring-washington-district-of-columbia-05-23-2026/event/1500637C1142D756,ticketmaster
The Great Gatsby (Touring),2026-05-24,14:00:00,The National Theatre,Washington,DC,38.89626652,-77.03053035,Arts & Theatre,https://www.ticketmaster.com/the-great-gatsby-touring-washington-district-of-columbia-05-24-2026/event/1500637C1147D765,ticketmaster
Suffs (Touring),2026-06-16,19:30:00,The National Theatre,Washington,DC,38.89626652,-77.03053035,Arts & Theatre,https://www.ticketmaster.com/suffs-touring-washington-district-of-columbia-06-16-2026/event/1500637C1418DA85,ticketmaster
Suffs (Touring),2026-06-17,19:30:00,The National Theatre,Washington,DC,38.89626652,-77.03053035,Arts & Theatre,https://www.ticketmaster.com/suffs-touring-washington-district-of-columbia-06-17-2026/event/1500637C141ADA87,ticketmaster
Suffs (Touring),2026-06-18,19:30:00,The National Theatre,Washington,DC,38.89626652,-77.03053035,Arts & Theatre,https://www.ticketmaster.com/suffs-touring-washington-district-of-columbia-06-18-2026/event/1500637C141CDA89,ticketmaster
Suffs (Touring),2026-06-19,19:30:00,The National Theatre,Washington,DC,38.89626652,-77.03053035,Arts & Theatre,https://www.ticketmaster.com/suffs-touring-washington-district-of-columbia-06-19-2026/event/1500637C141EDA8C,ticketmaster
Suffs (Touring),2026-06-20,14:00:00,The National Theatre,Washington,DC,38.89626652,-77.03053035,Arts & Theatre,https://www.ticketmaster.com/suffs-touring-washington-district-of-columbia-06-20-2026/event/1500637C1422DA92,ticketmaster
Suffs (Touring),2026-06-21,14:00:00,The National Theatre,Washington,DC,38.89626652,-77.03053035,Arts & Theatre,https://www.ticketmaster.com/suffs-touring-washington-district-of-columbia-06-21-2026/event/1500637C1426DA97,ticketmaster
Suffs (Touring),2026-06-23,19:30:00,The National Theatre,Washington,DC,38.89626652,-77.03053035,Arts & Theatre,https://www.ticketmaster.com/suffs-touring-washington-district-of-columbia-06-23-2026/event/1500637C1428DA9C,ticketmaster
Suffs (Touring),2026-06-24,19:30:00,The National Theatre,Washington,DC,38.89626652,-77.03053035,Arts & Theatre,https://www.ticketmaster.com/suffs-touring-washington-district-of-columbia-06-24-2026/event/1500637C142ADAA0,ticketmaster
Suffs (Touring),2026-06-25,19:30:00,The National Theatre,Washington,DC,38.89626652,-77.03053035,Arts & Theatre,https://www.ticketmaster.com/suffs-touring-washington-district-of-columbia-06-25-2026/event/1500637C142CDAA2,ticketmaster
Suffs (Touring),2026-06-26,19:30:00,The National Theatre,Washington,DC,38.89626652,-77.03053035,Arts & Theatre,https://www.ticketmaster.com/suffs-touring-washington-district-of-columbia-06-26-2026/event/1500637C142EDAA4,ticketmaster
Suffs (Touring),2026-06-27,14:00:00,The National Theatre,Washington,DC,38.89626652,-77.03053035,Arts & Theatre,https://www.ticketmaster.com/suffs-touring-washington-district-of-columbia-06-27-2026/event/1500637C1432DAAB,ticketmaster
Suffs (Touring),2026-06-28,14:00:00,The National Theatre,Washington,DC,38.89626652,-77.03053035,Arts & Theatre,https://www.ticketmaster.com/suffs-touring-washington-district-of-columbia-06-28-2026/event/1500637C1436DAB1,ticketmaster
The Notebook (Touring),2026-08-18,19:30:00,The National Theatre,Washington,DC,38.89626652,-77.03053035,Arts & Theatre,https://www.ticketmaster.com/the-notebook-touring-washington-district-of-columbia-08-18-2026/event/1500637C122CD8A5,ticketmaster
The Notebook (Touring),2026-08-19,19:30:00,The National Theatre,Washington,DC,38.89626652,-77.03053035,Arts & Theatre,https://www.ticketmaster.com/the-notebook-touring-washington-district-of-columbia-08-19-2026/event/1500637C122ED8A8,ticketmaster
The Notebook (Touring),2026-08-20,19:30:00,The National Theatre,Washington,DC,38.89626652,-77.03053035,Arts & Theatre,https://www.ticketmaster.com/the-notebook-touring-washington-district-of-columbia-08-20-2026/event/1500637C122FD8AB,ticketmaster
The Notebook (Touring),2026-08-21,19:30:00,The National Theatre,Washington,DC,38.89626652,-77.03053035,Arts & Theatre,https://www.ticketmaster.com/the-notebook-touring-washington-district-of-columbia-08-21-2026/event/1500637C1231D8AE,ticketmaster
The Notebook (Touring),2026-08-22,14:00:00,The National Theatre,Washington,DC,38.89626652,-77.03053035,Arts & Theatre,https://www.ticketmaster.com/the-notebook-touring-washington-district-of-columbia-08-22-2026/event/1500637C1233D8B4,ticketmaster
The Notebook (Touring),2026-08-23,19:30:00,The National Theatre,Washington,DC,38.89626652,-77.03053035,Arts & Theatre,https://www.ticketmaster.com/the-notebook-touring-washington-district-of-columbia-08-23-2026/event/1500637C1238D8C7,ticketmaster
The Notebook (Touring),2026-08-25,19:30:00,The National Theatre,Washington,DC,38.89626652,-77.03053035,Arts & Theatre,https://www.ticketmaster.com/the-notebook-touring-washington-district-of-columbia-08-25-2026/event/1500637C123AD8C9,ticketmaster
The Notebook (Touring),2026-08-26,19:30:00,The National Theatre,Washington,DC,38.89626652,-77.03053035,Arts & Theatre,https://www.ticketmaster.com/the-notebook-touring-washington-district-of-columbia-08-26-2026/event/1500637C123CD8CC,ticketmaster
The Notebook (Touring),2026-08-27,19:30:00,The National Theatre,Washington,DC,38.89626652,-77.03053035,Arts & Theatre,https://www.ticketmaster.com/the-notebook-touring-washington-district-of-columbia-08-27-2026/event/1500637C123ED8CE,ticketmaster
The Notebook (Touring),2026-08-28,19:30:00,The National Theatre,Washington,DC,38.89626652,-77.03053035,Arts & Theatre,https://www.ticketmaster.com/the-notebook-touring-washington-district-of-columbia-08-28-2026/event/1500637C1240D8D1,ticketmaster
The Notebook (Touring),2026-08-29,19:30:00,The National Theatre,Washington,DC,38.89626652,-77.03053035,Arts & Theatre,https://www.ticketmaster.com/the-notebook-touring-washington-district-of-columbia-08-29-2026/event/1500637C1243D8DA,ticketmaster
The Notebook (Touring),2026-08-30,19:30:00,The National Theatre,Washington,DC,38.89626652,-77.03053035,Arts & Theatre,https://www.ticketmaster.com/the-notebook-touring-washington-district-of-columbia-08-30-2026/event/1500637C1247D8E3,ticketmaster
Galantis,2026-04-10,22:00:00,Echostage,Washington,DC,38.91984858,-76.97281793,Music,https://www.ticketmaster.com/galantis-washington-district-of-columbia-04-10-2026/event/1500643AD84494DE,ticketmaster
Lily Allen Performs West End Girl,2026-04-19,20:00:00,Warner Theatre,Washington,DC,38.89612090,-77.02961010,Music,https://www.ticketmaster.com/lily-allen-performs-west-end-girl-washington-district-of-columbia-04-19-2026/event/15006384ABFF99B7,ticketmaster
A Night With David Lee Roth,2026-05-16,20:00:00,Warner Theatre,Washington,DC,38.89612090,-77.02961010,Music,https://www.ticketmaster.com/a-night-with-david-lee-roth-washington-district-of-columbia-05-16-2026/event/1500639AC4D98BA3,ticketmaster
Daniel Sloss: BITTER  (Brand New Tour!),2026-11-15,19:00:00,Warner Theatre,Washington,DC,38.89612090,-77.02961010,Arts & Theatre,https://www.ticketmaster.com/daniel-sloss-bitter-brand-new-tour-washington-district-of-columbia-11-15-2026/event/1500644995F25DC8,ticketmaster
BUNT.,2026-05-08,22:00:00,Echostage,Washington,DC,38.91984858,-76.97281793,Music,https://www.ticketmaster.com/bunt-washington-district-of-columbia-05-08-2026/event/15006434CBD79B17,ticketmaster
The Best of Steve Martin & Martin Short,2026-09-19,19:30:00,DAR Constitution Hall,Washington,DC,38.89423638,-77.04092216,Arts & Theatre,https://www.ticketmaster.com/the-best-of-steve-martin-martin-washington-district-of-columbia-09-19-2026/event/15006324DA136A8C,ticketmaster
BLESSD - EL MEJOR HOMBRE DEL MUNDO TOUR - DC,2026-04-19,20:00:00,Echostage,Washington,DC,38.91984858,-76.97281793,Music,https://www.ticketmaster.com/blessd-el-mejor-hombre-del-mundo-washington-district-of-columbia-04-19-2026/event/15006434CFBB9F9B,ticketmaster
Said the Sky,2026-05-02,22:00:00,Echostage,Washington,DC,38.91984858,-76.97281793,Music,https://www.ticketmaster.com/said-the-sky-washington-district-of-columbia-05-02-2026/event/1500643C7F203DA1,ticketmaster
Jordan Klepper - Suffering Fools,2026-05-08,19:30:00,Warner Theatre,Washington,DC,38.89612090,-77.02961010,Arts & Theatre,https://www.ticketmaster.com/jordan-klepper-suffering-fools-washington-district-of-columbia-05-08-2026/event/150063894C3DFBF1,ticketmaster
Jose Maria Napoleon - Hasta Siempre. Tour de Despedida USA 2026,2026-04-05,20:00:00,Warner Theatre,Washington,DC,38.89612090,-77.02961010,Music,https://www.ticketmaster.com/jose-maria-napoleon-hasta-siempre-tour-washington-district-of-columbia-04-05-2026/event/150064414E5BF70E,ticketmaster
Alex Isley - When The City Sleeps,2026-05-29,20:00:00,Warner Theatre,Washington,DC,38.89612090,-77.02961010,Music,https://www.ticketmaster.com/alex-isley-when-the-city-sleeps-washington-district-of-columbia-05-29-2026/event/15006470178EE92C,ticketmaster
Akaash Singh: Generational Triumph Tour,2026-05-09,19:00:00,Warner Theatre,Washington,DC,38.89612090,-77.02961010,Arts & Theatre,https://www.ticketmaster.com/akaash-singh-generational-triumph-tour-washington-district-of-columbia-05-09-2026/event/15006333EF9C5D38,ticketmaster
Sam Harris: Truth & Consequences,2026-05-13,19:30:00,Warner Theatre,Washington,DC,38.89612090,-77.02961010,Arts & Theatre,https://www.ticketmaster.com/sam-harris-truth-consequences-washington-district-of-columbia-05-13-2026/event/1500635011B4DEE8,ticketmaster
Luka Sulic - Life Tour,2026-05-10,20:00:00,Warner Theatre,Washington,DC,38.89612090,-77.02961010,Music,https://www.ticketmaster.com/luka-sulic-life-tour-washington-district-of-columbia-05-10-2026/event/1500633EC2AE7708,ticketmaster
Bill Murray & His Blood Brothers,2026-06-20,20:00:00,Warner Theatre,Washington,DC,38.89612090,-77.02961010,Music,https://www.ticketmaster.com/bill-murray-his-blood-brothers-washington-district-of-columbia-06-20-2026/event/150062621A2F6D1F,ticketmaster
The Marvelous Miss Gender starring BOSCO (Ages 18+),2026-07-11,20:00:00,Warner Theatre,Washington,DC,38.89612090,-77.02961010,Arts & Theatre,https://www.ticketmaster.com/the-marvelous-miss-gender-starring-bosco-washington-district-of-columbia-07-11-2026/event/150064691BCF4027,ticketmaster
Bassrush Presents: LEVEL UP X Zingara - Parallel Spirits Tour,2026-04-04,22:00:00,Echostage,Washington,DC,38.91984858,-76.97281793,Music,https://www.ticketmaster.com/bassrush-presents-level-up-x-zingara-washington-district-of-columbia-04-04-2026/event/15006333C7FD4E56,ticketmaster
Audien & Nicky Romero,2026-04-24,21:00:00,Echostage,Washington,DC,38.91984858,-76.97281793,Music,https://www.ticketmaster.com/audien-nicky-romero-washington-district-of-columbia-04-24-2026/event/15006442E5B6A367,ticketmaster
Outlander In Concert: Echoes Through the Highlands,2026-10-04,19:30:00,Warner Theatre,Washington,DC,38.89612090,-77.02961010,Film,https://www.ticketmaster.com/outlander-in-concert-echoes-through-the-washington-district-of-columbia-10-04-2026/event/15006477EA1EE0A5,ticketmaster
Poppy - Constantly Nowhere Tour,2026-07-07,19:00:00,Echostage,Washington,DC,38.91984858,-76.97281793,Music,https://www.ticketmaster.com/poppy-constantly-nowhere-tour-washington-district-of-columbia-07-07-2026/event/1500644E4C5847CF,ticketmaster
Adobo Presents: Ivy Queen,2026-06-04,21:00:00,Echostage,Washington,DC,38.91984858,-76.97281793,Music,https://www.ticketmaster.com/adobo-presents-ivy-queen-washington-district-of-columbia-06-04-2026/event/1500647EFDBEC730,ticketmaster
D.O.D,2026-04-18,22:00:00,Echostage,Washington,DC,38.91984858,-76.97281793,Music,https://www.ticketmaster.com/dod-washington-district-of-columbia-04-18-2026/event/1500643CE098D0FD,ticketmaster
KSHMR,2026-04-11,22:00:00,Echostage,Washington,DC,38.91984858,-76.97281793,Music,https://www.ticketmaster.com/kshmr-washington-district-of-columbia-04-11-2026/event/15006426E3DD857F,ticketmaster
The Factory 93 Presents: The Martinez Brothers,2026-04-17,22:00:00,Echostage,Washington,DC,38.91984858,-76.97281793,Music,https://www.ticketmaster.com/the-factory-93-presents-the-martinez-washington-district-of-columbia-04-17-2026/event/1500636DB35289B1,ticketmaster
Big Gs Outta Space Birthday Bash,2026-05-01,22:00:00,Echostage,Washington,DC,38.91984858,-76.97281793,Music,https://www.ticketmaster.com/big-gs-outta-space-birthday-bash-washington-district-of-columbia-05-01-2026/event/1500646AC30796F7,ticketmaster
Klangkuenstler,2026-05-15,22:00:00,Echostage,Washington,DC,38.91984858,-76.97281793,Music,https://www.ticketmaster.com/klangkuenstler-washington-district-of-columbia-05-15-2026/event/1500644491B553BD,ticketmaster
Washington Nationals vs. Kansas City Royals,2026-06-15,18:45:00,Nationals Park,Washington,DC,38.882000000,-76.992500000,Sports,https://www.ticketmaster.com/event/Z7r9jZ1A7Q80w,ticketmaster
Washington Nationals vs Kansas City Royals: Historic Replica Jersey,2026-06-16,18:45:00,Nationals Park,Washington,DC,38.882000000,-76.992500000,Sports,https://www.ticketmaster.com/event/Z7r9jZ1A7Q80S,ticketmaster
Washington Nationals vs. Kansas City Royals,2026-06-17,13:05:00,Nationals Park,Washington,DC,38.882000000,-76.992500000,Sports,https://www.ticketmaster.com/event/Z7r9jZ1A7Q80g,ticketmaster
RÜFÜS DU SOL NORTH AMERICA 2026,2026-06-18,19:30:00,Audi Field,Washington,DC,38.86799800,-77.01364200,Music,https://www.ticketmaster.com/rufus-du-sol-north-america-2026-washington-district-of-columbia-06-18-2026/event/1500645093295B08,ticketmaster
Washington Nationals vs Baltimore Orioles: Hot Dog Hat,2026-05-15,18:45:00,Nationals Park,Washington,DC,38.882000000,-76.992500000,Sports,https://www.ticketmaster.com/event/Z7r9jZ1A7Q806,ticketmaster
Washington Nationals vs Baltimore Orioles: DC Sports Legend Bobblehead,2026-05-16,16:05:00,Nationals Park,Washington,DC,38.882000000,-76.992500000,Sports,https://www.ticketmaster.com/event/Z7r9jZ1A7Q80F,ticketmaster
Washington Nationals vs Baltimore Orioles: Kids Novelty Sliding Mitt,2026-05-17,13:35:00,Nationals Park,Washington,DC,38.882000000,-76.992500000,Sports,https://www.ticketmaster.com/event/Z7r9jZ1A7Q808,ticketmaster
Washington Nationals vs. Toronto Blue Jays,2026-07-27,18:45:00,Nationals Park,Washington,DC,38.882000000,-76.992500000,Sports,https://www.ticketmaster.com/event/Z7r9jZ1A7Q8PO,ticketmaster
Washington Nationals vs. Toronto Blue Jays,2026-07-28,18:45:00,Nationals Park,Washington,DC,38.882000000,-76.992500000,Sports,https://www.ticketmaster.com/event/Z7r9jZ1A7Q8Px,ticketmaster
Washington Nationals vs. Toronto Blue Jays,2026-07-29,13:05:00,Nationals Park,Washington,DC,38.882000000,-76.992500000,Sports,https://www.ticketmaster.com/event/Z7r9jZ1A7Q8PN,ticketmaster
DC Defenders vs. St. Louis Battlehawks,2026-04-18,12:30:00,Audi Field,Washington,DC,38.86799800,-77.01364200,Sports,https://www.ticketmaster.com/dc-defenders-vs-st-louis-battlehawks-washington-district-of-columbia-04-18-2026/event/1500639F9FB05F68,ticketmaster
Washington Mystics vs. Minnesota Lynx (Preseason),2026-04-25,19:30:00,CareFirst Arena,Washington,DC,38.84683200,-76.99112900,Sports,https://www.ticketmaster.com/washington-mystics-vs-minnesota-lynx-preseason-washington-district-of-columbia-04-25-2026/event/15006434A3777AE7,ticketmaster
Washington Mystics vs. Minnesota Lynx,2026-06-24,19:30:00,CareFirst Arena,Washington,DC,38.84683200,-76.99112900,Sports,https://www.ticketmaster.com/washington-mystics-vs-minnesota-lynx-washington-district-of-columbia-06-24-2026/event/15006434A3927AFD,ticketmaster
Washington Mystics vs. Minnesota Lynx,2026-08-21,19:30:00,CareFirst Arena,Washington,DC,38.84683200,-76.99112900,Sports,https://www.ticketmaster.com/washington-mystics-vs-minnesota-lynx-washington-district-of-columbia-08-21-2026/event/15006434A3D07B43,ticketmaster
Washington Nationals vs. Houston Astros,2026-07-06,19:05:00,Nationals Park,Washington,DC,38.882000000,-76.992500000,Sports,https://www.ticketmaster.com/event/Z7r9jZ1A7Q8P6,ticketmaster
Washington Nationals vs. Houston Astros,2026-07-07,18:45:00,Nationals Park,Washington,DC,38.882000000,-76.992500000,Sports,https://www.ticketmaster.com/event/Z7r9jZ1A7Q8PF,ticketmaster
Washington Nationals vs. Houston Astros,2026-07-08,18:45:00,Nationals Park,Washington,DC,38.882000000,-76.992500000,Sports,https://www.ticketmaster.com/event/Z7r9jZ1A7Q8P8,ticketmaster
DC Defenders vs. Dallas Renegades,2026-05-02,12:00:00,Audi Field,Washington,DC,38.86799800,-77.01364200,Sports,https://www.ticketmaster.com/dc-defenders-vs-dallas-renegades-washington-district-of-columbia-05-02-2026/event/1500639F9FB55F6A,ticketmaster
DC Defenders vs. Louisville Kings,2026-05-09,13:30:00,Audi Field,Washington,DC,38.86799800,-77.01364200,Sports,https://www.ticketmaster.com/dc-defenders-vs-louisville-kings-washington-district-of-columbia-05-09-2026/event/1500639F9FB95F75,ticketmaster
DC Defenders vs. Orlando Storm,2026-05-31,12:00:00,Audi Field,Washington,DC,38.86799800,-77.01364200,Sports,https://www.ticketmaster.com/dc-defenders-vs-orlando-storm-washington-district-of-columbia-05-31-2026/event/1500639F9FBE5F7C,ticketmaster
Vans Warped Tour DC,2026-06-13,12:00:00,RFK Campus,Washington,DC,38.88920600,-76.97420700,Music,https://on.fgtix.com/trk/xqIYb,ticketmaster
Men At Work,2026-09-20,20:00:00,Lincoln Theatre,Washington,DC,38.91740000,-77.02899200,Music,https://www.ticketmaster.com/men-at-work-washington-district-of-columbia-09-20-2026/event/1500646B9EF672F6,ticketmaster
Jim Henson's Labyrinth: In Concert 40th Anniversary,2026-11-22,20:00:00,Lincoln Theatre,Washington,DC,38.91740000,-77.02899200,Film,https://www.ticketmaster.com/jim-hensons-labyrinth-in-concert-40th-washington-district-of-columbia-11-22-2026/event/15006427AFD55E60,ticketmaster
DC Power FC vs. Lexington SC,2026-04-01,19:00:00,Audi Field,Washington,DC,38.86799800,-77.01364200,Sports,https://www.ticketmaster.com/dc-power-fc-vs-lexington-sc-washington-district-of-columbia-04-01-2026/event/150062CBF5BF49BA,ticketmaster
DC Power FC vs. Fort Lauderdale United SC,2026-04-22,19:00:00,Audi Field,Washington,DC,38.86799800,-77.01364200,Sports,https://www.ticketmaster.com/dc-power-fc-vs-fort-lauderdale-washington-district-of-columbia-04-22-2026/event/150062CBF67A4A59,ticketmaster
DC Power FC vs. Dallas Trinity FC,2026-05-01,19:00:00,Audi Field,Washington,DC,38.86799800,-77.01364200,Sports,https://www.ticketmaster.com/dc-power-fc-vs-dallas-trinity-washington-district-of-columbia-05-01-2026/event/150062CBF6B14A6F,ticketmaster
DC Power FC vs. Sporting Jacksonville,2026-05-06,19:00:00,Audi Field,Washington,DC,38.86799800,-77.01364200,Sports,https://www.ticketmaster.com/dc-power-fc-vs-sporting-jacksonville-washington-district-of-columbia-05-06-2026/event/150062CBF72F4ABB,ticketmaster
The R&B Lovers Tour,2026-05-09,20:00:00,DAR Constitution Hall,Washington,DC,38.89423638,-77.04092216,Music,https://www.ticketmaster.com/the-rb-lovers-tour-washington-district-of-columbia-05-09-2026/event/15006316A0AB3DCB,ticketmaster
The Rock and Roll Playhouse plays Music of Grateful Dead + More,2026-04-12,11:30:00,The Atlantis,Washington,DC,38.91819000,-77.02241000,Music,https://www.ticketmaster.com/the-rock-and-roll-playhouse-plays-washington-district-of-columbia-04-12-2026/event/15006464BFCDA812,ticketmaster
An Evening With Maya Hawke / The Maitreya Corso Tour,2026-04-29,18:30:00,The Atlantis,Washington,DC,38.91819000,-77.02241000,Music,https://www.ticketmaster.com/an-evening-with-maya-hawke-the-washington-district-of-columbia-04-29-2026/event/1500644DE2EE5C07,ticketmaster
Hasan Raheem,2026-04-27,18:30:00,The Atlantis,Washington,DC,38.91819000,-77.02241000,Music,https://www.ticketmaster.com/hasan-raheem-washington-district-of-columbia-04-27-2026/event/15006457EE1BF615,ticketmaster
Hasan Raheem,2026-04-28,18:30:00,The Atlantis,Washington,DC,38.91819000,-77.02241000,Music,https://www.ticketmaster.com/hasan-raheem-washington-district-of-columbia-04-28-2026/event/1500643591DB6A53,ticketmaster
Zinadelphia: Zina's Boutique,2026-04-21,18:30:00,The Atlantis,Washington,DC,38.91819000,-77.02241000,Music,https://www.ticketmaster.com/zinadelphia-zinas-boutique-washington-district-of-columbia-04-21-2026/event/1500642FBAE48E7A,ticketmaster
Black Pistol Fire - Flagrant Act of Bliss,2026-04-17,19:30:00,The Atlantis,Washington,DC,38.91819000,-77.02241000,Music,https://www.ticketmaster.com/black-pistol-fire-flagrant-act-of-washington-district-of-columbia-04-17-2026/event/15006373DAFAA657,ticketmaster
PawPaw Rod - Picture Day Tour,2026-06-16,18:30:00,The Atlantis,Washington,DC,38.91819000,-77.02241000,Music,https://www.ticketmaster.com/pawpaw-rod-picture-day-tour-washington-district-of-columbia-06-16-2026/event/1500644C8A87821C,ticketmaster
Breakfield,2026-05-15,19:30:00,The Atlantis,Washington,DC,38.91819000,-77.02241000,Music,https://www.ticketmaster.com/breakfield-washington-district-of-columbia-05-15-2026/event/15006385EF0BD69F,ticketmaster
bixby,2026-06-24,18:30:00,The Atlantis,Washington,DC,38.91819000,-77.02241000,Music,https://www.ticketmaster.com/bixby-washington-district-of-columbia-06-24-2026/event/15006459AAFC1EC3,ticketmaster
Caroline Kingsbury: Shock Treatment Tour,2026-04-26,18:30:00,The Atlantis,Washington,DC,38.91819000,-77.02241000,Music,https://www.ticketmaster.com/caroline-kingsbury-shock-treatment-tour-washington-district-of-columbia-04-26-2026/event/1500644A969C8A39,ticketmaster
Eliza McLamb - Good Story Tour,2026-04-25,19:30:00,The Atlantis,Washington,DC,38.91819000,-77.02241000,Music,https://www.ticketmaster.com/eliza-mclamb-good-story-tour-washington-district-of-columbia-04-25-2026/event/15006306D41A2FE9,ticketmaster
Ott.,2026-05-28,18:30:00,The Atlantis,Washington,DC,38.91819000,-77.02241000,Music,https://www.ticketmaster.com/ott-washington-district-of-columbia-05-28-2026/event/1500645791C68929,ticketmaster
Krooked Kings,2026-04-20,18:30:00,The Atlantis,Washington,DC,38.91819000,-77.02241000,Music,https://www.ticketmaster.com/krooked-kings-washington-district-of-columbia-04-20-2026/event/15006384A0E89083,ticketmaster
Big Something,2026-05-02,19:30:00,The Atlantis,Washington,DC,38.91819000,-77.02241000,Music,https://www.ticketmaster.com/big-something-washington-district-of-columbia-05-02-2026/event/150064439FDE720F,ticketmaster
Dorian Electra,2026-06-19,19:30:00,The Atlantis,Washington,DC,38.91819000,-77.02241000,Music,https://www.ticketmaster.com/dorian-electra-washington-district-of-columbia-06-19-2026/event/15006479D295A8C9,ticketmaster
Son Little - CityFolk Tour 2026,2026-06-23,18:30:00,The Atlantis,Washington,DC,38.91819000,-77.02241000,Music,https://www.ticketmaster.com/son-little-cityfolk-tour-2026-washington-district-of-columbia-06-23-2026/event/150064468F1A65C6,ticketmaster
Ashley Kutcher,2026-04-19,18:30:00,The Atlantis,Washington,DC,38.91819000,-77.02241000,Music,https://www.ticketmaster.com/ashley-kutcher-washington-district-of-columbia-04-19-2026/event/15006429890446D4,ticketmaster
Brigitte Calls Me Baby - Irreversible Tour,2026-05-11,18:30:00,The Atlantis,Washington,DC,38.91819000,-77.02241000,Music,https://www.ticketmaster.com/brigitte-calls-me-baby-irreversible-tour-washington-district-of-columbia-05-11-2026/event/15006392C35AA348,ticketmaster
Carol Ades - Worst Person in the World Tour,2026-05-14,18:30:00,The Atlantis,Washington,DC,38.91819000,-77.02241000,Music,https://www.ticketmaster.com/carol-ades-worst-person-in-the-washington-district-of-columbia-05-14-2026/event/15006458C7A79CEF,ticketmaster
Deer Tick,2026-06-12,19:30:00,The Atlantis,Washington,DC,38.91819000,-77.02241000,Music,https://www.ticketmaster.com/deer-tick-washington-district-of-columbia-06-12-2026/event/15006463A19C6D69,ticketmaster
Boys Go To Jupiter,2026-04-10,19:30:00,The Atlantis,Washington,DC,38.91819000,-77.02241000,Music,https://www.ticketmaster.com/boys-go-to-jupiter-washington-district-of-columbia-04-10-2026/event/150063838D715E13,ticketmaster
Arkells,2026-04-30,18:30:00,The Atlantis,Washington,DC,38.91819000,-77.02241000,Music,https://www.ticketmaster.com/arkells-washington-district-of-columbia-04-30-2026/event/150064458E325E47,ticketmaster
Claire Rosinkranz - My Lover Tour,2026-05-18,18:30:00,The Atlantis,Washington,DC,38.91819000,-77.02241000,Music,https://www.ticketmaster.com/claire-rosinkranz-my-lover-tour-washington-district-of-columbia-05-18-2026/event/15006393AB3C8308,ticketmaster
High Fade: Twice as Nice Tour,2026-05-27,18:30:00,The Atlantis,Washington,DC,38.91819000,-77.02241000,Music,https://www.ticketmaster.com/high-fade-twice-as-nice-tour-washington-district-of-columbia-05-27-2026/event/1500643796AF7977,ticketmaster
Sleaford Mods - US + CAN 2026,2026-05-10,18:30:00,The Atlantis,Washington,DC,38.91819000,-77.02241000,Music,https://www.ticketmaster.com/sleaford-mods-us-can-2026-washington-district-of-columbia-05-10-2026/event/15006392B92397FE,ticketmaster
Girli,2026-06-14,18:30:00,The Atlantis,Washington,DC,38.91819000,-77.02241000,Music,https://www.ticketmaster.com/girli-washington-district-of-columbia-06-14-2026/event/1500644CE8AF3251,ticketmaster
Ray Bull,2026-06-11,18:30:00,The Atlantis,Washington,DC,38.91819000,-77.02241000,Music,https://www.ticketmaster.com/ray-bull-washington-district-of-columbia-06-11-2026/event/150064458F9B624D,ticketmaster
Circles Around The Sun,2026-06-25,18:30:00,The Atlantis,Washington,DC,38.91819000,-77.02241000,Music,https://www.ticketmaster.com/circles-around-the-sun-washington-district-of-columbia-06-25-2026/event/15006465C5F6C1C4,ticketmaster
Em Beihold: Tales Of A Failed Shapeshifter Tour,2026-05-30,19:30:00,The Atlantis,Washington,DC,38.91819000,-77.02241000,Music,https://www.ticketmaster.com/em-beihold-tales-of-a-failed-washington-district-of-columbia-05-30-2026/event/15006434AFBB84FC,ticketmaster
FIGHTMASTER,2026-05-29,19:30:00,The Atlantis,Washington,DC,38.91819000,-77.02241000,Music,https://www.ticketmaster.com/fightmaster-washington-district-of-columbia-05-29-2026/event/15006472FDDDE31F,ticketmaster
Cass McCombs + Band ,2026-05-08,19:30:00,The Atlantis,Washington,DC,38.91819000,-77.02241000,Music,https://www.ticketmaster.com/cass-mccombs-band-washington-district-of-columbia-05-08-2026/event/15006430A0B77789,ticketmaster
Kiesza,2026-06-08,18:30:00,The Atlantis,Washington,DC,38.91819000,-77.02241000,Music,https://www.ticketmaster.com/kiesza-washington-district-of-columbia-06-08-2026/event/15006465C9B3C5BE,ticketmaster
Voxtrot,2026-04-11,19:30:00,The Atlantis,Washington,DC,38.91819000,-77.02241000,Music,https://www.ticketmaster.com/voxtrot-washington-district-of-columbia-04-11-2026/event/15006379B669753D,ticketmaster
Powfu Presents: The Lofi Library Tour,2026-04-12,18:30:00,The Atlantis,Washington,DC,38.91819000,-77.02241000,Music,https://www.ticketmaster.com/powfu-presents-the-lofi-library-tour-washington-district-of-columbia-04-12-2026/event/15006428BBF86D80,ticketmaster
Wallice,2026-04-15,18:30:00,The Atlantis,Washington,DC,38.91819000,-77.02241000,Music,https://www.ticketmaster.com/wallice-washington-district-of-columbia-04-15-2026/event/15006383D069AA99,ticketmaster
Underground Springhouse & The Wilson Springs Hotel,2026-05-09,19:30:00,The Atlantis,Washington,DC,38.91819000,-77.02241000,Music,https://www.ticketmaster.com/underground-springhouse-the-wilson-springs-hotel-washington-district-of-columbia-05-09-2026/event/15006451A82B9E6F,ticketmaster
Melrose Avenue,2026-04-22,18:30:00,The Atlantis,Washington,DC,38.91819000,-77.02241000,Music,https://www.ticketmaster.com/melrose-avenue-washington-district-of-columbia-04-22-2026/event/15006343B9E170ED,ticketmaster
Courtney Marie Andrews - The Valentine Tour,2026-04-24,19:30:00,The Atlantis,Washington,DC,38.91819000,-77.02241000,Music,https://www.ticketmaster.com/courtney-marie-andrews-the-valentine-tour-washington-district-of-columbia-04-24-2026/event/15006355B3B37294,ticketmaster
49th & Main,2026-04-02,18:30:00,The Atlantis,Washington,DC,38.91819000,-77.02241000,Music,https://www.ticketmaster.com/49th-main-washington-district-of-columbia-04-02-2026/event/1500632BCFC53BE7,ticketmaster
"yung kai: stay with the ocean, i'll find you tour",2026-04-03,19:30:00,The Atlantis,Washington,DC,38.91819000,-77.02241000,Music,https://www.ticketmaster.com/yung-kai-stay-with-the-ocean-washington-district-of-columbia-04-03-2026/event/1500634EF5A6BD88,ticketmaster
Hannah Cohen,2026-04-04,19:30:00,The Atlantis,Washington,DC,38.91819000,-77.02241000,Music,https://www.ticketmaster.com/hannah-cohen-washington-district-of-columbia-04-04-2026/event/15006374A47D85F8,ticketmaster
rum.gold,2026-04-09,18:30:00,The Atlantis,Washington,DC,38.91819000,-77.02241000,Music,https://www.ticketmaster.com/rumgold-washington-district-of-columbia-04-09-2026/event/1500636A9B16683E,ticketmaster
VANA: THE LADY IN RED TOUR,2026-04-23,18:00:00,The Atlantis,Washington,DC,38.91819000,-77.02241000,Music,https://www.ticketmaster.com/vana-the-lady-in-red-tour-washington-district-of-columbia-04-23-2026/event/15006375A44186B0,ticketmaster
Shadowgrass,2026-04-18,19:30:00,The Atlantis,Washington,DC,38.91819000,-77.02241000,Music,https://www.ticketmaster.com/shadowgrass-washington-district-of-columbia-04-18-2026/event/1500635B9DA0696D,ticketmaster
femtanyl,2026-04-14,18:30:00,The Atlantis,Washington,DC,38.91819000,-77.02241000,Music,https://www.ticketmaster.com/femtanyl-washington-district-of-columbia-04-14-2026/event/15006374C9F1A5DD,ticketmaster
Pacifica,2026-04-16,18:30:00,The Atlantis,Washington,DC,38.91819000,-77.02241000,Music,https://www.ticketmaster.com/pacifica-washington-district-of-columbia-04-16-2026/event/15006462DA36C988,ticketmaster
Sadie Jean - Early Twenties Tourture,2026-06-03,18:30:00,The Atlantis,Washington,DC,38.91819000,-77.02241000,Music,https://www.ticketmaster.com/sadie-jean-early-twenties-tourture-washington-district-of-columbia-06-03-2026/event/1500647FC8B8B1A9,ticketmaster
BEST OF BOTH WORLDS: A Dance Party Spinning Nick and Disney Bangerz,2026-05-01,21:00:00,The Atlantis,Washington,DC,38.91819000,-77.02241000,Music,https://www.ticketmaster.com/best-of-both-worlds-a-dance-washington-district-of-columbia-05-01-2026/event/15006471EFE6C27C,ticketmaster
Covet,2026-06-07,18:30:00,The Atlantis,Washington,DC,38.91819000,-77.02241000,Music,https://www.ticketmaster.com/covet-washington-district-of-columbia-06-07-2026/event/15006458C5E993B5,ticketmaster
Isaia Huron - Mister Lovebomb's Tiny Little Tour ,2026-05-03,18:30:00,The Atlantis,Washington,DC,38.91819000,-77.02241000,Music,https://www.ticketmaster.com/isaia-huron-mister-lovebombs-tiny-little-washington-district-of-columbia-05-03-2026/event/1500644DBCEAD9BF,ticketmaster
Annabelle Dinda,2026-05-07,18:30:00,The Atlantis,Washington,DC,38.91819000,-77.02241000,Music,https://www.ticketmaster.com/annabelle-dinda-washington-district-of-columbia-05-07-2026/event/150064740A69FACD,ticketmaster
Grace Ives,2026-05-19,18:30:00,The Atlantis,Washington,DC,38.91819000,-77.02241000,Music,https://www.ticketmaster.com/grace-ives-washington-district-of-columbia-05-19-2026/event/1500644DF1708CC1,ticketmaster
Come Back To Earth: Mac Miller Live Band Tribute,2026-05-17,18:30:00,The Atlantis,Washington,DC,38.91819000,-77.02241000,Music,https://www.ticketmaster.com/come-back-to-earth-mac-miller-washington-district-of-columbia-05-17-2026/event/150064799C446830,ticketmaster
Del Amitri,2026-06-21,18:30:00,The Atlantis,Washington,DC,38.91819000,-77.02241000,Music,https://www.ticketmaster.com/del-amitri-washington-district-of-columbia-06-21-2026/event/1500647A98F15635,ticketmaster
Solya,2026-05-31,18:30:00,The Atlantis,Washington,DC,38.91819000,-77.02241000,Music,https://www.ticketmaster.com/solya-washington-district-of-columbia-05-31-2026/event/1500638FAB2C8F88,ticketmaster
Feng - Feng's Weekend Rockstar Tour,2026-06-05,19:30:00,The Atlantis,Washington,DC,38.91819000,-77.02241000,Music,https://www.ticketmaster.com/feng-fengs-weekend-rockstar-tour-washington-district-of-columbia-06-05-2026/event/15006464C618B1DA,ticketmaster
Trinix,2026-06-06,19:30:00,The Atlantis,Washington,DC,38.91819000,-77.02241000,Music,https://www.ticketmaster.com/trinix-washington-district-of-columbia-06-06-2026/event/1500643EB9D6A81B,ticketmaster
Daniela Andrade,2026-06-22,18:30:00,The Atlantis,Washington,DC,38.91819000,-77.02241000,Music,https://www.ticketmaster.com/daniela-andrade-washington-district-of-columbia-06-22-2026/event/1500644C98CC9BB4,ticketmaster
Old Mervs,2026-06-10,18:30:00,The Atlantis,Washington,DC,38.91819000,-77.02241000,Music,https://www.ticketmaster.com/old-mervs-washington-district-of-columbia-06-10-2026/event/1500644CB1E7BEE0,ticketmaster
JESSICA BAIO - The Other Side Tour,2026-06-13,19:30:00,The Atlantis,Washington,DC,38.91819000,-77.02241000,Music,https://www.ticketmaster.com/jessica-baio-the-other-side-tour-washington-district-of-columbia-06-13-2026/event/15006442B2CB76B2,ticketmaster
Naomi Scott - F.I.G Tour,2026-06-20,19:30:00,The Atlantis,Washington,DC,38.91819000,-77.02241000,Music,https://www.ticketmaster.com/naomi-scott-fig-tour-washington-district-of-columbia-06-20-2026/event/15006471C61E984F,ticketmaster
Buck Meek,2026-07-16,18:30:00,The Atlantis,Washington,DC,38.91819000,-77.02241000,Music,https://www.ticketmaster.com/buck-meek-washington-district-of-columbia-07-16-2026/event/1500644AC9A1C8CC,ticketmaster
Cruz Beckham and The Breakers - For Your Love Tour,2026-07-28,18:30:00,The Atlantis,Washington,DC,38.91819000,-77.02241000,Music,https://www.ticketmaster.com/cruz-beckham-and-the-breakers-for-washington-district-of-columbia-07-28-2026/event/1500646ACD23A3A2,ticketmaster
Devotchka,2026-09-09,18:30:00,The Atlantis,Washington,DC,38.91819000,-77.02241000,Music,https://www.ticketmaster.com/devotchka-washington-district-of-columbia-09-09-2026/event/15006436C16AAA55,ticketmaster
Riff Wood,2026-08-05,18:30:00,The Atlantis,Washington,DC,38.91819000,-77.02241000,Music,https://www.ticketmaster.com/riff-wood-washington-district-of-columbia-08-05-2026/event/15006478D7CEAFC8,ticketmaster
Marlon Magnée (of La Femme),2026-09-08,18:30:00,The Atlantis,Washington,DC,38.91819000,-77.02241000,Music,https://www.ticketmaster.com/marlon-magnee-of-la-femme-washington-district-of-columbia-09-08-2026/event/1500636AE739A489,ticketmaster
Angine de Poitrine,2026-09-15,18:30:00,The Atlantis,Washington,DC,38.91819000,-77.02241000,Music,https://www.ticketmaster.com/angine-de-poitrine-washington-district-of-columbia-09-15-2026/event/1500646DECB120C7,ticketmaster
Don West,2026-09-19,19:30:00,The Atlantis,Washington,DC,38.91819000,-77.02241000,Music,https://www.ticketmaster.com/don-west-washington-district-of-columbia-09-19-2026/event/15006471C40995AF,ticketmaster
Red Leather - Tahoe Tour,2026-11-13,19:30:00,The Atlantis,Washington,DC,38.91819000,-77.02241000,Music,https://www.ticketmaster.com/red-leather-tahoe-tour-washington-district-of-columbia-11-13-2026/event/1500646DEDC42432,ticketmaster
Sub Urban - The Bell Tolls Tour,2026-10-05,18:30:00,The Atlantis,Washington,DC,38.91819000,-77.02241000,Music,https://www.ticketmaster.com/sub-urban-the-bell-tolls-tour-washington-district-of-columbia-10-05-2026/event/1500647AC3778C34,ticketmaster
Friko - Something Worth Waiting For: The Tour,2026-10-26,18:30:00,The Atlantis,Washington,DC,38.91819000,-77.02241000,Music,https://www.ticketmaster.com/friko-something-worth-waiting-for-the-washington-district-of-columbia-10-26-2026/event/15006478A82772EF,ticketmaster
Nitty Gritty Dirt Band: The Farewell Tour - 60 Years of Dirt,2026-05-07,20:00:00,Lincoln Theatre,Washington,DC,38.91740000,-77.02899200,Music,https://www.ticketmaster.com/nitty-gritty-dirt-band-the-farewell-washington-district-of-columbia-05-07-2026/event/1500635414A795A5,ticketmaster
Washington Nationals vs. Chicago Cubs,2026-08-11,18:45:00,Nationals Park,Washington,DC,38.882000000,-76.992500000,Sports,https://www.ticketmaster.com/event/Z7r9jZ1A7Q8Pt,ticketmaster
Washington Nationals vs. Chicago Cubs,2026-08-12,18:45:00,Nationals Park,Washington,DC,38.882000000,-76.992500000,Sports,https://www.ticketmaster.com/event/Z7r9jZ1A7Q8Ps,ticketmaster
Washington Nationals vs. Chicago Cubs,2026-08-13,16:05:00,Nationals Park,Washington,DC,38.882000000,-76.992500000,Sports,https://www.ticketmaster.com/event/Z7r9jZ1A7Q8Pw,ticketmaster
Juvenile’s Boiling Point Album Release Tour w/ The 400 Degreez Band,2026-04-17,20:00:00,Howard Theatre,Washington,DC,38.9153136,-77.0210937,Music,https://www.ticketweb.com/event/juveniles-boiling-point-album-release-howard-theatre-tickets/14077324,ticketmaster
Ryan Bingham and The Texas Gentlemen - Still Gettin' Away With It Tour,2026-06-13,20:00:00,Lincoln Theatre,Washington,DC,38.91740000,-77.02899200,Music,https://www.ticketmaster.com/ryan-bingham-and-the-texas-gentlemen-washington-district-of-columbia-06-13-2026/event/1500644D87E07550,ticketmaster
HONNE: 10 YEAR ANNIVERSARY TOUR,2026-06-10,20:00:00,Lincoln Theatre,Washington,DC,38.91740000,-77.02899200,Music,https://www.ticketmaster.com/honne-10-year-anniversary-tour-washington-district-of-columbia-06-10-2026/event/15006442D90A9B2D,ticketmaster
Kishi Bashi: Sonderlust 10th Anniversary Tour,2026-04-12,20:00:00,Lincoln Theatre,Washington,DC,38.91740000,-77.02899200,Music,https://www.ticketmaster.com/kishi-bashi-sonderlust-10th-anniversary-tour-washington-district-of-columbia-04-12-2026/event/1500634D1000C51D,ticketmaster
Joe Jackson + Band - Hope and Fury Tour 2026,2026-07-07,20:00:00,Lincoln Theatre,Washington,DC,38.91740000,-77.02899200,Music,https://www.ticketmaster.com/joe-jackson-band-hope-and-fury-washington-district-of-columbia-07-07-2026/event/150063660353B387,ticketmaster
Washington Mystics vs. Chicago Sky,2026-06-02,20:00:00,CareFirst Arena,Washington,DC,38.84683200,-76.99112900,Sports,https://www.ticketmaster.com/washington-mystics-vs-chicago-sky-washington-district-of-columbia-06-02-2026/event/15006434A3857AEF,ticketmaster
Lovett or Leave It Live in DC!,2026-04-23,20:00:00,Lincoln Theatre,Washington,DC,38.91740000,-77.02899200,Arts & Theatre,https://www.ticketmaster.com/lovett-or-leave-it-live-in-washington-district-of-columbia-04-23-2026/event/1500643DEF52DC44,ticketmaster
An Afternoon with David Sedaris,2026-04-19,15:00:00,DAR Constitution Hall,Washington,DC,38.89423638,-77.04092216,Arts & Theatre,https://www.ticketmaster.com/an-afternoon-with-david-sedaris-washington-district-of-columbia-04-19-2026/event/1500635CF31BB39A,ticketmaster
Washington Nationals vs. St. Louis Cardinals,2026-04-06,18:45:00,Nationals Park,Washington,DC,38.882000000,-76.992500000,Sports,https://www.ticketmaster.com/event/Z7r9jZ1A7Q8xd,ticketmaster
Washington Nationals vs St. Louis Cardinals: Vintage Batting Practice Pullover,2026-04-07,18:45:00,Nationals Park,Washington,DC,38.882000000,-76.992500000,Sports,https://www.ticketmaster.com/event/Z7r9jZ1A7Q8x7,ticketmaster
Washington Nationals vs. St. Louis Cardinals,2026-04-08,16:05:00,Nationals Park,Washington,DC,38.882000000,-76.992500000,Sports,https://www.ticketmaster.com/event/Z7r9jZ1A7Q8xk,ticketmaster
Oh Wonder,2026-04-11,20:00:00,Lincoln Theatre,Washington,DC,38.91740000,-77.02899200,Music,https://www.ticketmaster.com/oh-wonder-washington-district-of-columbia-04-11-2026/event/15006427A25052AD,ticketmaster
Nimesh Patel: With All Due Disrespect Tour,2026-04-18,22:00:00,Lincoln Theatre,Washington,DC,38.91740000,-77.02899200,Arts & Theatre,https://www.ticketmaster.com/nimesh-patel-with-all-due-disrespect-washington-district-of-columbia-04-18-2026/event/15006390EE00E2CB,ticketmaster
Nimesh Patel: With All Due Disrespect Tour,2026-04-19,18:00:00,Lincoln Theatre,Washington,DC,38.91740000,-77.02899200,Arts & Theatre,https://www.ticketmaster.com/nimesh-patel-with-all-due-disrespect-washington-district-of-columbia-04-19-2026/event/15006445A8E28185,ticketmaster
Andres Cepeda,2026-05-16,20:00:00,Lincoln Theatre,Washington,DC,38.91740000,-77.02899200,Music,https://www.ticketmaster.com/andres-cepeda-washington-district-of-columbia-05-16-2026/event/150062C99249195E,ticketmaster
Alice Phoebe Lou - Oblivion Tour,2026-04-15,20:00:00,Lincoln Theatre,Washington,DC,38.91740000,-77.02899200,Music,https://www.ticketmaster.com/alice-phoebe-lou-oblivion-tour-washington-district-of-columbia-04-15-2026/event/1500635125F1CC62,ticketmaster
Pub Choir Eyes Up! 2026 US Tour,2026-05-13,20:00:00,Lincoln Theatre,Washington,DC,38.91740000,-77.02899200,Music,https://www.ticketmaster.com/pub-choir-eyes-up-2026-us-washington-district-of-columbia-05-13-2026/event/15006435B63E9338,ticketmaster
Sir Chloe,2026-04-17,20:00:00,Lincoln Theatre,Washington,DC,38.91740000,-77.02899200,Music,https://www.ticketmaster.com/sir-chloe-washington-district-of-columbia-04-17-2026/event/150062D296572C0C,ticketmaster
"Tank and The Bangas, The Last Balloon Tour",2026-06-19,19:30:00,Lincoln Theatre,Washington,DC,38.91740000,-77.02899200,Music,https://www.ticketmaster.com/tank-and-the-bangas-the-last-washington-district-of-columbia-06-19-2026/event/15006471904E503A,ticketmaster
Daði Freyr,2026-10-06,20:00:00,Lincoln Theatre,Washington,DC,38.91740000,-77.02899200,Music,https://www.ticketmaster.com/dai-freyr-washington-district-of-columbia-10-06-2026/event/15006474A8757B7D,ticketmaster
Bahamas - Industrial Sport & Sound,2026-05-10,20:00:00,Lincoln Theatre,Washington,DC,38.91740000,-77.02899200,Music,https://www.ticketmaster.com/bahamas-industrial-sport-sound-washington-district-of-columbia-05-10-2026/event/1500637A92AD630F,ticketmaster
John Butler with Band,2026-04-29,20:00:00,Lincoln Theatre,Washington,DC,38.91740000,-77.02899200,Music,https://www.ticketmaster.com/john-butler-with-band-washington-district-of-columbia-04-29-2026/event/1500642798A44840,ticketmaster
The Naked Magicians,2026-04-13,20:00:00,Lincoln Theatre,Washington,DC,38.91740000,-77.02899200,Arts & Theatre,https://www.ticketmaster.com/the-naked-magicians-washington-district-of-columbia-04-13-2026/event/1500644AF65FF028,ticketmaster
Kevin Morby,2026-06-12,20:00:00,Lincoln Theatre,Washington,DC,38.91740000,-77.02899200,Music,https://www.ticketmaster.com/kevin-morby-washington-district-of-columbia-06-12-2026/event/150064430121D939,ticketmaster
Moonchild: Waves Tour,2026-04-04,21:45:00,Lincoln Theatre,Washington,DC,38.91740000,-77.02899200,Music,https://www.ticketmaster.com/moonchild-waves-tour-washington-district-of-columbia-04-04-2026/event/15006442F703AF9D,ticketmaster
Sunn O ))),2026-04-10,20:00:00,Lincoln Theatre,Washington,DC,38.91740000,-77.02899200,Music,https://www.ticketmaster.com/sunn-o-washington-district-of-columbia-04-10-2026/event/1500642DF6CDA435,ticketmaster
RHYS DARBY - THE LEGEND RETURNS,2026-04-16,20:00:00,Lincoln Theatre,Washington,DC,38.91740000,-77.02899200,Arts & Theatre,https://www.ticketmaster.com/rhys-darby-the-legend-returns-washington-district-of-columbia-04-16-2026/event/15006430DEE9B97F,ticketmaster
"On Cinema - The Certified ""Five Bags of Popcorn"" Tour",2026-04-01,20:00:00,Lincoln Theatre,Washington,DC,38.91740000,-77.02899200,Arts & Theatre,https://www.ticketmaster.com/on-cinema-the-certified-five-bags-washington-district-of-columbia-04-01-2026/event/1500633DCB588814,ticketmaster
"Capitol Movement Presents ""Complexities""",2026-04-25,19:30:00,Lincoln Theatre,Washington,DC,38.91740000,-77.02899200,Arts & Theatre,https://www.ticketmaster.com/capitol-movement-presents-complexities-washington-district-of-columbia-04-25-2026/event/15006473E3E2DA38,ticketmaster
Killer Queen - A Tribute To Queen,2026-04-28,20:00:00,Lincoln Theatre,Washington,DC,38.91740000,-77.02899200,Music,https://www.ticketmaster.com/killer-queen-a-tribute-to-queen-washington-district-of-columbia-04-28-2026/event/1500638F8A105930,ticketmaster
Julien Doré,2026-05-02,20:00:00,Lincoln Theatre,Washington,DC,38.91740000,-77.02899200,Music,https://www.ticketmaster.com/julien-dore-washington-district-of-columbia-05-02-2026/event/15006385DD6AC3F7,ticketmaster
Thee Phantom & Illharmonic Orchestra,2026-06-27,20:00:00,Lincoln Theatre,Washington,DC,38.91740000,-77.02899200,Music,https://www.ticketmaster.com/thee-phantom-illharmonic-orchestra-washington-district-of-columbia-06-27-2026/event/1500644AF861F1B5,ticketmaster
Soul Divas,2026-06-06,20:00:00,Lincoln Theatre,Washington,DC,38.91740000,-77.02899200,Arts & Theatre,https://www.ticketmaster.com/soul-divas-washington-district-of-columbia-06-06-2026/event/1500634191075DFA,ticketmaster
Soul Divas,2026-06-07,17:00:00,Lincoln Theatre,Washington,DC,38.91740000,-77.02899200,Arts & Theatre,https://www.ticketmaster.com/soul-divas-washington-district-of-columbia-06-07-2026/event/15006341910B5DFD,ticketmaster
Audrey Hobert: The Staircase To Stardom Tour,2026-06-08,20:00:00,Lincoln Theatre,Washington,DC,38.91740000,-77.02899200,Music,https://www.ticketmaster.com/audrey-hobert-the-staircase-to-stardom-washington-district-of-columbia-06-08-2026/event/15006429D20887C7,ticketmaster
Audrey Hobert: The Staircase To Stardom Tour,2026-06-09,20:00:00,Lincoln Theatre,Washington,DC,38.91740000,-77.02899200,Music,https://www.ticketmaster.com/audrey-hobert-the-staircase-to-stardom-washington-district-of-columbia-06-09-2026/event/1500642DA1215F89,ticketmaster
"Billy Bob Thornton & The Boxmasters ""2026 Morro Rock Tour""",2026-07-23,19:00:00,Lincoln Theatre,Washington,DC,38.91740000,-77.02899200,Music,https://www.ticketmaster.com/billy-bob-thornton-the-boxmasters-2026-washington-district-of-columbia-07-23-2026/event/1500646ABF8E93DC,ticketmaster
Vans Warped Tour DC,2026-06-14,12:00:00,RFK Campus,Washington,DC,38.88920600,-76.97420700,Music,https://on.fgtix.com/trk/xqIYb,ticketmaster
Washington Mystics vs. Atlanta Dream,2026-07-02,19:30:00,CareFirst Arena,Washington,DC,38.84683200,-76.99112900,Sports,https://www.ticketmaster.com/washington-mystics-vs-atlanta-dream-washington-district-of-columbia-07-02-2026/event/15006434A39B7B08,ticketmaster
Washington Mystics vs. Atlanta Dream,2026-08-07,19:30:00,CareFirst Arena,Washington,DC,38.84683200,-76.99112900,Sports,https://www.ticketmaster.com/washington-mystics-vs-atlanta-dream-washington-district-of-columbia-08-07-2026/event/15006434A3BF7B31,ticketmaster
Patti LaBelle - USA 250 Anniversary,2026-04-18,19:00:00,DAR Constitution Hall,Washington,DC,38.89423638,-77.04092216,Music,https://www.ticketmaster.com/patti-labelle-usa-250-anniversary-washington-district-of-columbia-04-18-2026/event/150063899F827968,ticketmaster
Washington Mystics vs. Connecticut Sun,2026-07-28,19:30:00,CareFirst Arena,Washington,DC,38.84683200,-76.99112900,Sports,https://www.ticketmaster.com/washington-mystics-vs-connecticut-sun-washington-district-of-columbia-07-28-2026/event/15006434A3B17B25,ticketmaster
Washington Mystics vs. Connecticut Sun,2026-09-22,19:30:00,CareFirst Arena,Washington,DC,38.84683200,-76.99112900,Sports,https://www.ticketmaster.com/washington-mystics-vs-connecticut-sun-washington-district-of-columbia-09-22-2026/event/15006434A3D57B46,ticketmaster
Washington Mystics vs. Phoenix Mercury,2026-08-09,15:00:00,CareFirst Arena,Washington,DC,38.84683200,-76.99112900,Sports,https://www.ticketmaster.com/washington-mystics-vs-phoenix-mercury-washington-district-of-columbia-08-09-2026/event/15006434A3C37B34,ticketmaster
Bluey's Big Play - The Stage Show,2026-06-24,18:00:00,Trump Kennedy Center - Eisenhower Theater,Washington,DC,38.900501000,-77.049004000,Arts & Theatre,https://www.ticketmaster.com/event/Z7r9jZ1A7jfpe,ticketmaster
Bluey's Big Play - The Stage Show,2026-06-25,14:00:00,Trump Kennedy Center - Eisenhower Theater,Washington,DC,38.900501000,-77.049004000,Arts & Theatre,https://www.ticketmaster.com/event/Z7r9jZ1A7jfpd,ticketmaster
Bluey's Big Play - The Stage Show,2026-06-26,18:00:00,Trump Kennedy Center - Eisenhower Theater,Washington,DC,38.900501000,-77.049004000,Arts & Theatre,https://www.ticketmaster.com/event/Z7r9jZ1A7jfp7,ticketmaster
Bluey's Big Play - The Stage Show,2026-06-27,18:00:00,Trump Kennedy Center - Eisenhower Theater,Washington,DC,38.900501000,-77.049004000,Arts & Theatre,https://www.ticketmaster.com/event/Z7r9jZ1A7jfp6,ticketmaster
Bluey's Big Play - The Stage Show,2026-06-28,15:00:00,Trump Kennedy Center - Eisenhower Theater,Washington,DC,38.900501000,-77.049004000,Arts & Theatre,https://www.ticketmaster.com/event/Z7r9jZ1A7-SJ9,ticketmaster
Bluey's Big Play - The Stage Show,2026-06-30,18:00:00,Trump Kennedy Center - Eisenhower Theater,Washington,DC,38.900501000,-77.049004000,Arts & Theatre,https://www.ticketmaster.com/event/Z7r9jZ1A7jfpa,ticketmaster
Bluey's Big Play - The Stage Show,2026-07-01,18:00:00,Trump Kennedy Center - Eisenhower Theater,Washington,DC,38.900501000,-77.049004000,Arts & Theatre,https://www.ticketmaster.com/event/Z7r9jZ1A7jfp8,ticketmaster
Bluey's Big Play - The Stage Show,2026-07-02,14:00:00,Trump Kennedy Center - Eisenhower Theater,Washington,DC,38.900501000,-77.049004000,Arts & Theatre,https://www.ticketmaster.com/event/Z7r9jZ1A7jfpo,ticketmaster
Bluey's Big Play - The Stage Show,2026-07-03,18:00:00,Trump Kennedy Center - Eisenhower Theater,Washington,DC,38.900501000,-77.049004000,Arts & Theatre,https://www.ticketmaster.com/event/Z7r9jZ1A7-SJb,ticketmaster
Bluey's Big Play - The Stage Show,2026-07-05,11:00:00,Trump Kennedy Center - Eisenhower Theater,Washington,DC,38.900501000,-77.049004000,Arts & Theatre,https://www.ticketmaster.com/event/Z7r9jZ1A7jfpK,ticketmaster
Washington Mystics vs. Los Angeles Sparks,2026-05-29,19:30:00,CareFirst Arena,Washington,DC,38.84683200,-76.99112900,Sports,https://www.ticketmaster.com/washington-mystics-vs-los-angeles-sparks-washington-district-of-columbia-05-29-2026/event/15006434A3817AEC,ticketmaster
Washington Mystics vs. Indiana Fever: Crossover Hockey Jersey,2026-06-08,20:00:00,CareFirst Arena,Washington,DC,38.84683200,-76.99112900,Sports,https://www.gofevo.com/event/MysticsCrossoverHockeyJersey,ticketmaster
Washington Mystics vs. Toronto Tempo,2026-06-12,19:30:00,CareFirst Arena,Washington,DC,38.84683200,-76.99112900,Sports,https://www.ticketmaster.com/washington-mystics-vs-toronto-tempo-washington-district-of-columbia-06-12-2026/event/15006434A38E7AF6,ticketmaster
Washington Mystics vs. Portland Fire,2026-06-28,15:00:00,CareFirst Arena,Washington,DC,38.84683200,-76.99112900,Sports,https://www.ticketmaster.com/washington-mystics-vs-portland-fire-washington-district-of-columbia-06-28-2026/event/15006434A3977B05,ticketmaster
Washington Nationals vs. San Francisco Giants,2026-04-17,18:45:00,Nationals Park,Washington,DC,38.882000000,-76.992500000,Sports,https://www.ticketmaster.com/event/Z7r9jZ1A7Q8x6,ticketmaster
Washington Nationals vs San Francisco Giants: City Connect Hockey Jersey,2026-04-18,16:05:00,Nationals Park,Washington,DC,38.882000000,-76.992500000,Sports,https://www.ticketmaster.com/event/Z7r9jZ1A7Q8xa,ticketmaster
Washington Nationals vs San Francisco Giants: Kids Opening Day,2026-04-19,13:35:00,Nationals Park,Washington,DC,38.882000000,-76.992500000,Sports,https://www.ticketmaster.com/event/Z7r9jZ1A7Q8x8,ticketmaster
Washington Mystics vs. Golden State Valkyries,2026-07-06,19:30:00,CareFirst Arena,Washington,DC,38.84683200,-76.99112900,Sports,https://www.ticketmaster.com/washington-mystics-vs-golden-state-valkyries-washington-district-of-columbia-07-06-2026/event/15006434A3A07B0F,ticketmaster
Washington Nationals vs. Milwaukee Brewers,2026-05-01,18:45:00,Nationals Park,Washington,DC,38.882000000,-76.992500000,Sports,https://www.ticketmaster.com/event/Z7r9jZ1A7Q8xb,ticketmaster
Washington Nationals vs Milwaukee Brewers: STAR WARS Grogu Bobblehead,2026-05-02,16:05:00,Nationals Park,Washington,DC,38.882000000,-76.992500000,Sports,https://www.ticketmaster.com/event/Z7r9jZ1A7Q8x_,ticketmaster
Washington Nationals vs. Milwaukee Brewers,2026-05-03,13:35:00,Nationals Park,Washington,DC,38.882000000,-76.992500000,Sports,https://www.ticketmaster.com/event/Z7r9jZ1A7Q80v,ticketmaster
Washington Nationals vs. Minnesota Twins,2026-05-05,18:45:00,Nationals Park,Washington,DC,38.882000000,-76.992500000,Sports,https://www.ticketmaster.com/event/Z7r9jZ1A7Q80e,ticketmaster
Washington Nationals vs. Minnesota Twins,2026-05-06,18:45:00,Nationals Park,Washington,DC,38.882000000,-76.992500000,Sports,https://www.ticketmaster.com/event/Z7r9jZ1A7Q807,ticketmaster
Washington Nationals vs. Minnesota Twins,2026-05-07,13:05:00,Nationals Park,Washington,DC,38.882000000,-76.992500000,Sports,https://www.ticketmaster.com/event/Z7r9jZ1A7Q80A,ticketmaster
Washington Mystics vs. Seattle Storm,2026-07-12,15:00:00,CareFirst Arena,Washington,DC,38.84683200,-76.99112900,Sports,https://www.ticketmaster.com/washington-mystics-vs-seattle-storm-washington-district-of-columbia-07-12-2026/event/15006434A3A47B17,ticketmaster
Washington Nationals vs. New York Mets,2026-05-18,18:45:00,Nationals Park,Washington,DC,38.882000000,-76.992500000,Sports,https://www.ticketmaster.com/event/Z7r9jZ1A7Q80o,ticketmaster
Washington Nationals vs. New York Mets,2026-05-19,18:45:00,Nationals Park,Washington,DC,38.882000000,-76.992500000,Sports,https://www.ticketmaster.com/event/Z7r9jZ1A7Q80K,ticketmaster
Washington Nationals vs. New York Mets,2026-05-20,18:45:00,Nationals Park,Washington,DC,38.882000000,-76.992500000,Sports,https://www.ticketmaster.com/event/Z7r9jZ1A7Q80f,ticketmaster
Washington Nationals vs. New York Mets,2026-05-21,16:05:00,Nationals Park,Washington,DC,38.882000000,-76.992500000,Sports,https://www.ticketmaster.com/event/Z7r9jZ1A7Q80p,ticketmaster
Washington Mystics vs. Portland Fire,2026-07-16,19:00:00,CareFirst Arena,Washington,DC,38.84683200,-76.99112900,Sports,https://www.ticketmaster.com/washington-mystics-vs-portland-fire-washington-district-of-columbia-07-16-2026/event/15006434A3A97B1B,ticketmaster
Washington Nationals vs. Miami Marlins,2026-06-01,18:45:00,Nationals Park,Washington,DC,38.882000000,-76.992500000,Sports,https://www.ticketmaster.com/event/Z7r9jZ1A7Q80N,ticketmaster
Washington Nationals vs. Miami Marlins,2026-06-02,18:45:00,Nationals Park,Washington,DC,38.882000000,-76.992500000,Sports,https://www.ticketmaster.com/event/Z7r9jZ1A7Q800,ticketmaster
Washington Nationals vs. Miami Marlins,2026-06-03,13:05:00,Nationals Park,Washington,DC,38.882000000,-76.992500000,Sports,https://www.ticketmaster.com/event/Z7r9jZ1A7Q80J,ticketmaster
Washington Mystics vs. Las Vegas Aces,2026-07-22,19:30:00,CareFirst Arena,Washington,DC,38.84683200,-76.99112900,Sports,https://www.ticketmaster.com/washington-mystics-vs-las-vegas-aces-washington-district-of-columbia-07-22-2026/event/15006434A3AD7B1F,ticketmaster
Washington Mystics vs. Connecticut Sun: Mystics x Space Jam,2026-07-28,19:30:00,CareFirst Arena,Washington,DC,38.84683200,-76.99112900,Sports,https://www.gofevo.com/event/Mystics-SpaceJam,ticketmaster
Washington Mystics vs. Dallas Wings,2026-07-31,19:30:00,CareFirst Arena,Washington,DC,38.84683200,-76.99112900,Sports,https://www.ticketmaster.com/washington-mystics-vs-dallas-wings-washington-district-of-columbia-07-31-2026/event/15006434A3B67B2A,ticketmaster
Washington Nationals vs. Philadelphia Phillies,2026-06-22,18:45:00,Nationals Park,Washington,DC,38.882000000,-76.992500000,Sports,https://www.ticketmaster.com/event/Z7r9jZ1A7Q80U,ticketmaster
Washington Nationals vs Philadelphia Phillies: Nationals Basketball Jersey,2026-06-23,18:45:00,Nationals Park,Washington,DC,38.882000000,-76.992500000,Sports,https://www.ticketmaster.com/event/Z7r9jZ1A7Q80z,ticketmaster
Washington Nationals vs. Philadelphia Phillies,2026-06-24,18:45:00,Nationals Park,Washington,DC,38.882000000,-76.992500000,Sports,https://www.ticketmaster.com/event/Z7r9jZ1A7Q80y,ticketmaster
Washington Nationals vs Philadelphia Phillies: Nationals Soccer Jersey,2026-06-25,18:45:00,Nationals Park,Washington,DC,38.882000000,-76.992500000,Sports,https://www.ticketmaster.com/event/Z7r9jZ1A7Q8Pv,ticketmaster
Washington Mystics vs. Dallas Wings,2026-08-05,19:30:00,CareFirst Arena,Washington,DC,38.84683200,-76.99112900,Sports,https://www.ticketmaster.com/washington-mystics-vs-dallas-wings-washington-district-of-columbia-08-05-2026/event/15006434A3BA7B2D,ticketmaster
Washington Nationals vs. Pittsburgh Pirates,2026-07-03,18:45:00,Nationals Park,Washington,DC,38.882000000,-76.992500000,Sports,https://www.ticketmaster.com/event/Z7r9jZ1A7Q8Pe,ticketmaster
Washington Nationals vs. Pittsburgh Pirates,2026-07-04,11:05:00,Nationals Park,Washington,DC,38.882000000,-76.992500000,Sports,https://www.ticketmaster.com/event/Z7r9jZ1A7Q8P7,ticketmaster
Washington Nationals vs Pittsburgh Pirates: Nationals Patriotic Shirt,2026-07-05,13:00:00,Nationals Park,Washington,DC,38.882000000,-76.992500000,Sports,https://www.ticketmaster.com/event/Z7r9jZ1A7Q8PA,ticketmaster
Washington Mystics vs. Los Angeles Sparks,2026-08-15,19:30:00,CareFirst Arena,Washington,DC,38.84683200,-76.99112900,Sports,https://www.ticketmaster.com/washington-mystics-vs-los-angeles-sparks-washington-district-of-columbia-08-15-2026/event/15006434A3C87B3C,ticketmaster
Washington Mystics vs. Toronto Tempo,2026-08-19,20:00:00,CareFirst Arena,Washington,DC,38.84683200,-76.99112900,Sports,https://www.ticketmaster.com/washington-mystics-vs-toronto-tempo-washington-district-of-columbia-08-19-2026/event/15006434A3CC7B40,ticketmaster
Washington Nationals vs. Miami Marlins,2026-08-28,18:45:00,Nationals Park,Washington,DC,38.882000000,-76.992500000,Sports,https://www.ticketmaster.com/event/Z7r9jZ1A7Q8JZ,ticketmaster
Washington Nationals vs Miami Marlins: James Wood Bobblehead,2026-08-29,16:05:00,Nationals Park,Washington,DC,38.882000000,-76.992500000,Sports,https://www.ticketmaster.com/event/Z7r9jZ1A7Q8Jv,ticketmaster
Washington Nationals vs. Miami Marlins,2026-08-30,12:15:00,Nationals Park,Washington,DC,38.882000000,-76.992500000,Sports,https://www.ticketmaster.com/event/Z7r9jZ1A7Q8Jd,ticketmaster
Washington Nationals vs. Miami Marlins,2026-08-31,18:45:00,Nationals Park,Washington,DC,38.882000000,-76.992500000,Sports,https://www.ticketmaster.com/event/Z7r9jZ1A7Q8J7,ticketmaster
Washington Nationals vs. Philadelphia Phillies,2026-09-15,18:45:00,Nationals Park,Washington,DC,38.882000000,-76.992500000,Sports,https://www.ticketmaster.com/event/Z7r9jZ1A7Q8J3,ticketmaster
Washington Nationals vs. Philadelphia Phillies,2026-09-16,18:45:00,Nationals Park,Washington,DC,38.882000000,-76.992500000,Sports,https://www.ticketmaster.com/event/Z7r9jZ1A7Q8JK,ticketmaster
Washington Nationals vs New York Mets: Nationals Football Jersey,2026-09-25,18:45:00,Nationals Park,Washington,DC,38.882000000,-76.992500000,Sports,https://www.ticketmaster.com/event/Z7r9jZ1A7Q8Jf,ticketmaster
Washington Nationals vs New York Mets: Fan Appreciation Weekend,2026-09-26,16:05:00,Nationals Park,Washington,DC,38.882000000,-76.992500000,Sports,https://www.ticketmaster.com/event/Z7r9jZ1A7Q8J4,ticketmaster
Washington Nationals vs New York Mets: Fan Appreciation Weekend,2026-09-27,15:05:00,Nationals Park,Washington,DC,38.882000000,-76.992500000,Sports,https://www.ticketmaster.com/event/Z7r9jZ1A7Q8Jp,ticketmaster
"The Bald and the Beautiful LIVE: Very Bald, Very Beautiful",2026-10-17,19:30:00,DAR Constitution Hall,Washington,DC,38.89423638,-77.04092216,Arts & Theatre,https://www.ticketmaster.com/the-bald-and-the-beautiful-live-washington-district-of-columbia-10-17-2026/event/1500646BC50AA3CA,ticketmaster
Reik,2026-05-01,20:00:00,DAR Constitution Hall,Washington,DC,38.89423638,-77.04092216,Music,https://www.ticketmaster.com/reik-washington-district-of-columbia-05-01-2026/event/150063788EE866D9,ticketmaster
Moulin Rouge (Touring),2026-06-16,19:30:00,Trump Kennedy Center - Opera House,Washington,DC,38.900501000,-77.049004000,Arts & Theatre,https://www.ticketmaster.com/event/Z7r9jZ1A7_obp,ticketmaster
Moulin Rouge (Touring),2026-06-17,19:30:00,Trump Kennedy Center - Opera House,Washington,DC,38.900501000,-77.049004000,Arts & Theatre,https://www.ticketmaster.com/event/Z7r9jZ1A7_ob9,ticketmaster
Moulin Rouge (Touring),2026-06-18,19:30:00,Trump Kennedy Center - Opera House,Washington,DC,38.900501000,-77.049004000,Arts & Theatre,https://www.ticketmaster.com/event/Z7r9jZ1A7_obb,ticketmaster
Moulin Rouge (Touring),2026-06-19,19:30:00,Trump Kennedy Center - Opera House,Washington,DC,38.900501000,-77.049004000,Arts & Theatre,https://www.ticketmaster.com/event/Z7r9jZ1A7_ob_,ticketmaster
Moulin Rouge (Touring),2026-06-20,13:30:00,Trump Kennedy Center - Opera House,Washington,DC,38.900501000,-77.049004000,Arts & Theatre,https://www.ticketmaster.com/event/Z7r9jZ1A7_ob-,ticketmaster
Moulin Rouge (Touring),2026-06-21,19:30:00,Trump Kennedy Center - Opera House,Washington,DC,38.900501000,-77.049004000,Arts & Theatre,https://www.ticketmaster.com/event/Z7r9jZ1A7_obN,ticketmaster
Moulin Rouge (Touring),2026-06-23,19:30:00,Trump Kennedy Center - Opera House,Washington,DC,38.900501000,-77.049004000,Arts & Theatre,https://www.ticketmaster.com/event/Z7r9jZ1A7_ob0,ticketmaster
Moulin Rouge (Touring),2026-06-24,19:30:00,Trump Kennedy Center - Opera House,Washington,DC,38.900501000,-77.049004000,Arts & Theatre,https://www.ticketmaster.com/event/Z7r9jZ1A7_obP,ticketmaster
Moulin Rouge (Touring),2026-06-25,19:30:00,Trump Kennedy Center - Opera House,Washington,DC,38.900501000,-77.049004000,Arts & Theatre,https://www.ticketmaster.com/event/Z7r9jZ1A7_obJ,ticketmaster
Moulin Rouge (Touring),2026-06-26,19:30:00,Trump Kennedy Center - Opera House,Washington,DC,38.900501000,-77.049004000,Arts & Theatre,https://www.ticketmaster.com/event/Z7r9jZ1A7_obE,ticketmaster
Moulin Rouge (Touring),2026-06-27,19:30:00,Trump Kennedy Center - Opera House,Washington,DC,38.900501000,-77.049004000,Arts & Theatre,https://www.ticketmaster.com/event/Z7r9jZ1A7_obI,ticketmaster
Moulin Rouge (Touring),2026-06-28,13:30:00,Trump Kennedy Center - Opera House,Washington,DC,38.900501000,-77.049004000,Arts & Theatre,https://www.ticketmaster.com/event/Z7r9jZ1A7_obY,ticketmaster
Moulin Rouge (Touring),2026-06-30,19:30:00,Trump Kennedy Center - Opera House,Washington,DC,38.900501000,-77.049004000,Arts & Theatre,https://www.ticketmaster.com/event/Z7r9jZ1A7_obw,ticketmaster
Moulin Rouge (Touring),2026-07-01,19:30:00,Trump Kennedy Center - Opera House,Washington,DC,38.900501000,-77.049004000,Arts & Theatre,https://www.ticketmaster.com/event/Z7r9jZ1A7_obS,ticketmaster
Moulin Rouge (Touring),2026-07-02,19:30:00,Trump Kennedy Center - Opera House,Washington,DC,38.900501000,-77.049004000,Arts & Theatre,https://www.ticketmaster.com/event/Z7r9jZ1A7_obV,ticketmaster
Moulin Rouge (Touring),2026-07-03,19:30:00,Trump Kennedy Center - Opera House,Washington,DC,38.900501000,-77.049004000,Arts & Theatre,https://www.ticketmaster.com/event/Z7r9jZ1A7_obM,ticketmaster
Moulin Rouge (Touring),2026-07-04,13:30:00,Trump Kennedy Center - Opera House,Washington,DC,38.900501000,-77.049004000,Arts & Theatre,https://www.ticketmaster.com/event/Z7r9jZ1A7_obz,ticketmaster
Moulin Rouge (Touring),2026-07-05,13:30:00,Trump Kennedy Center - Opera House,Washington,DC,38.900501000,-77.049004000,Arts & Theatre,https://www.ticketmaster.com/event/Z7r9jZ1A7_oby,ticketmaster
JOSH JOHNSON'S COMEDY BAND CAMP,2026-10-02,19:00:00,DAR Constitution Hall,Washington,DC,38.89423638,-77.04092216,Arts & Theatre,https://www.ticketmaster.com/josh-johnsons-comedy-band-camp-washington-district-of-columbia-10-02-2026/event/1500645B1F7DC31D,ticketmaster
JOSH JOHNSON'S COMEDY BAND CAMP,2026-10-03,17:00:00,DAR Constitution Hall,Washington,DC,38.89423638,-77.04092216,Arts & Theatre,https://www.ticketmaster.com/josh-johnsons-comedy-band-camp-washington-district-of-columbia-10-03-2026/event/15006462CF81BF23,ticketmaster
Michael McIntyre: Hello America!,2026-04-21,20:00:00,DAR Constitution Hall,Washington,DC,38.89423638,-77.04092216,Arts & Theatre,https://www.ticketmaster.com/michael-mcintyre-hello-america-washington-district-of-columbia-04-21-2026/event/1500633AA0FE3DF7,ticketmaster
Michael McIntyre: Hello America!,2026-04-24,20:00:00,DAR Constitution Hall,Washington,DC,38.89423638,-77.04092216,Arts & Theatre,https://www.ticketmaster.com/michael-mcintyre-hello-america-washington-district-of-columbia-04-24-2026/event/1500633AA0F93DF1,ticketmaster
Raphael - Raphaelisimo 2026 Tour,2026-05-03,20:00:00,DAR Constitution Hall,Washington,DC,38.89423638,-77.04092216,Music,https://www.ticketmaster.com/raphael-raphaelisimo-2026-tour-washington-district-of-columbia-05-03-2026/event/150064289CF450FC,ticketmaster
Eddie Izzard,2026-04-02,19:30:00,Michael R. Klein Theatre,Washington,DC,38.892101000,-77.022301000,Arts & Theatre,https://www.ticketmaster.com/event/Z7r9jZ1A7OZ4e,ticketmaster
Eddie Izzard,2026-04-01,19:30:00,Michael R. Klein Theatre,Washington,DC,38.892101000,-77.022301000,Arts & Theatre,https://www.ticketmaster.com/event/Z7r9jZ1A7OZ4v,ticketmaster
Eddie Izzard,2026-04-03,19:30:00,Michael R. Klein Theatre,Washington,DC,38.892101000,-77.022301000,Arts & Theatre,https://www.ticketmaster.com/event/Z7r9jZ1A7OZ4d,ticketmaster
Eddie Izzard,2026-04-04,14:00:00,Michael R. Klein Theatre,Washington,DC,38.892101000,-77.022301000,Arts & Theatre,https://www.ticketmaster.com/event/Z7r9jZ1A7OZ47,ticketmaster
Eddie Izzard,2026-04-05,14:00:00,Michael R. Klein Theatre,Washington,DC,38.892101000,-77.022301000,Arts & Theatre,https://www.ticketmaster.com/event/Z7r9jZ1A7OZ4k,ticketmaster
Sing Democracy 250,2026-06-13,16:00:00,DAR Constitution Hall,Washington,DC,38.89423638,-77.04092216,Arts & Theatre,https://www.ticketmaster.com/sing-democracy-250-washington-district-of-columbia-06-13-2026/event/1500647A0023C4D8,ticketmaster
NieR:Orchestra Concert 12026 [ YoRHa ],2027-02-06,20:00:00,DAR Constitution Hall,Washington,DC,38.89423638,-77.04092216,Arts & Theatre,https://www.ticketmaster.com/nierorchestra-concert-12026-yorha-washington-district-of-columbia-02-06-2027/event/15006474845640BE,ticketmaster
Snow Tha Product - BEFORE I CRASHOUT,2026-04-08,20:00:00,Howard Theatre,Washington,DC,38.9153136,-77.0210937,Music,https://www.ticketweb.com/event/snow-tha-product-howard-theatre-tickets/14723113,ticketmaster
Project Glow,2026-05-30,13:00:00,RFK Campus,Washington,DC,38.88920600,-76.97420700,Music,https://on.fgtix.com/trk/ToGK,ticketmaster
Howard University Bison Football vs. Richmond Spiders Football,2026-05-17,,Greene Stadium,Washington,DC,38.922100000,-77.019997000,Sports,https://www.ticketmaster.com/event/Z7r9jZ1A7-YZa,ticketmaster
Tony Hinchcliffe,2026-05-02,20:00:00,Trump Kennedy Center - Concert Hall,Washington,DC,38.900501000,-77.049004000,Arts & Theatre,https://www.ticketmaster.com/event/Z7r9jZ1A7qAqJ,ticketmaster
Howard University Bison Football vs. Morehouse Maroon Tigers Football,2026-10-17,,Greene Stadium,Washington,DC,38.922100000,-77.019997000,Sports,https://www.ticketmaster.com/event/Z7r9jZ1A7-YZ8,ticketmaster
Howard University Bison Football vs. South Carolina State Bulldogs Football,2026-11-07,,Greene Stadium,Washington,DC,38.922100000,-77.019997000,Sports,https://www.ticketmaster.com/event/Z7r9jZ1A7-YZo,ticketmaster
Howard University Bison Football vs. Delaware State Hornets Football,2026-11-14,,Greene Stadium,Washington,DC,38.922100000,-77.019997000,Sports,https://www.ticketmaster.com/event/Z7r9jZ1A7-YZ3,ticketmaster
BENISE: 25 Years of Passion!,2026-05-29,19:30:00,Lisner Auditorium,Washington,DC,38.89940401,-77.04714194,Music,https://www.ticketmaster.com/benise-25-years-of-passion-washington-district-of-columbia-05-29-2026/event/15006355D51487F9,ticketmaster
Chicago the Musical (Touring),2026-04-01,19:30:00,Trump Kennedy Center - Opera House,Washington,DC,38.900501000,-77.049004000,Arts & Theatre,https://www.ticketmaster.com/event/Z7r9jZ1A7_o4E,ticketmaster
Chicago the Musical (Touring),2026-04-02,19:30:00,Trump Kennedy Center - Opera House,Washington,DC,38.900501000,-77.049004000,Arts & Theatre,https://www.ticketmaster.com/event/Z7r9jZ1A7_o4I,ticketmaster
Chicago the Musical (Touring),2026-04-03,19:30:00,Trump Kennedy Center - Opera House,Washington,DC,38.900501000,-77.049004000,Arts & Theatre,https://www.ticketmaster.com/event/Z7r9jZ1A7_o4Y,ticketmaster
Chicago the Musical (Touring),2026-04-04,19:30:00,Trump Kennedy Center - Opera House,Washington,DC,38.900501000,-77.049004000,Arts & Theatre,https://www.ticketmaster.com/event/Z7r9jZ1A7_o4s,ticketmaster
Chicago the Musical (Touring),2026-04-05,13:30:00,Trump Kennedy Center - Opera House,Washington,DC,38.900501000,-77.049004000,Arts & Theatre,https://www.ticketmaster.com/event/Z7r9jZ1A7_o4S,ticketmaster
Sherri Shepherd: Make It Make Sense Tour,2026-04-18,19:00:00,Lisner Auditorium,Washington,DC,38.89940401,-77.04714194,Arts & Theatre,https://www.ticketmaster.com/sherri-shepherd-make-it-make-sense-washington-district-of-columbia-04-18-2026/event/150063311DC586B2,ticketmaster
Mae Martin: The Possum,2026-04-12,19:00:00,Lisner Auditorium,Washington,DC,38.89940401,-77.04714194,Music,https://www.ticketmaster.com/mae-martin-the-possum-washington-district-of-columbia-04-12-2026/event/15006348F1A399AF,ticketmaster
Politics & Prose and GW Present: Planet Money,2026-04-08,19:00:00,Lisner Auditorium,Washington,DC,38.89940401,-77.04714194,Arts & Theatre,https://www.ticketmaster.com/politics-prose-and-gw-present-planet-washington-district-of-columbia-04-08-2026/event/1500642F026DD54B,ticketmaster
Liberian Entertainment Awards,2026-04-25,19:00:00,Lisner Auditorium,Washington,DC,38.89940401,-77.04714194,Arts & Theatre,https://www.ticketmaster.com/liberian-entertainment-awards-washington-district-of-columbia-04-25-2026/event/1500642DDDD092BE,ticketmaster
Zain Zohaib Qawwali Night,2026-05-30,19:00:00,Lisner Auditorium,Washington,DC,38.89940401,-77.04714194,Arts & Theatre,https://www.ticketmaster.com/zain-zohaib-qawwali-night-washington-district-of-columbia-05-30-2026/event/15006479E4B1CCF0,ticketmaster
Program Only - America 250 Washington Tattoo,2026-07-17,18:00:00,Lisner Auditorium,Washington,DC,38.89940401,-77.04714194,Arts & Theatre,https://www.ticketmaster.com/program-only-america-250-washington-tattoo-washington-district-of-columbia-07-17-2026/event/15006450FEE9C20A,ticketmaster
America 250 Washington Tattoo,2026-07-17,19:00:00,Lisner Auditorium,Washington,DC,38.89940401,-77.04714194,Arts & Theatre,https://www.ticketmaster.com/america-250-washington-tattoo-washington-district-of-columbia-07-17-2026/event/15006450B98B809E,ticketmaster
Program Only - America 250 Washington Tattoo,2026-07-18,13:00:00,Lisner Auditorium,Washington,DC,38.89940401,-77.04714194,Arts & Theatre,https://www.ticketmaster.com/program-only-america-250-washington-tattoo-washington-district-of-columbia-07-18-2026/event/15006450FEEDC20F,ticketmaster
America 250 Washington Tattoo,2026-07-18,19:00:00,Lisner Auditorium,Washington,DC,38.89940401,-77.04714194,Arts & Theatre,https://www.ticketmaster.com/america-250-washington-tattoo-washington-district-of-columbia-07-18-2026/event/15006450B99080A4,ticketmaster
Gaurav Kapoor,2026-09-20,17:00:00,Lisner Auditorium,Washington,DC,38.89940401,-77.04714194,Arts & Theatre,https://www.ticketmaster.com/gaurav-kapoor-washington-district-of-columbia-09-20-2026/event/15006444DD37A8E2,ticketmaster
West Side Story w/ Washington National Opera,2026-05-08,19:30:00,Trump Kennedy Center - Opera House,Washington,DC,38.900501000,-77.049004000,Arts & Theatre,https://www.ticketmaster.com/event/Z7r9jZ1A7j3ox,ticketmaster
West Side Story w/ Washington National Opera,2026-05-10,14:00:00,Trump Kennedy Center - Opera House,Washington,DC,38.900501000,-77.049004000,Arts & Theatre,https://www.ticketmaster.com/event/Z7r9jZ1A7j3oN,ticketmaster
West Side Story w/ Washington National Opera,2026-05-11,19:00:00,Trump Kennedy Center - Opera House,Washington,DC,38.900501000,-77.049004000,Arts & Theatre,https://www.ticketmaster.com/event/Z7r9jZ1A7j3o0,ticketmaster
West Side Story w/ Washington National Opera,2026-05-13,19:30:00,Trump Kennedy Center - Opera House,Washington,DC,38.900501000,-77.049004000,Arts & Theatre,https://www.ticketmaster.com/event/Z7r9jZ1A7j3oP,ticketmaster
West Side Story w/ Washington National Opera,2026-05-14,19:30:00,Trump Kennedy Center - Opera House,Washington,DC,38.900501000,-77.049004000,Arts & Theatre,https://www.ticketmaster.com/event/Z7r9jZ1A7j3oJ,ticketmaster
West Side Story w/ Washington National Opera,2026-05-15,19:30:00,Trump Kennedy Center - Opera House,Washington,DC,38.900501000,-77.049004000,Arts & Theatre,https://www.ticketmaster.com/event/Z7r9jZ1A7j3oE,ticketmaster
West Side Story w/ Washington National Opera,2026-05-17,14:00:00,Trump Kennedy Center - Opera House,Washington,DC,38.900501000,-77.049004000,Arts & Theatre,https://www.ticketmaster.com/event/Z7r9jZ1A7j3oI,ticketmaster
West Side Story w/ Washington National Opera,2026-05-19,19:30:00,Trump Kennedy Center - Opera House,Washington,DC,38.900501000,-77.049004000,Arts & Theatre,https://www.ticketmaster.com/event/Z7r9jZ1A7j3ot,ticketmaster
West Side Story w/ Washington National Opera,2026-05-20,19:30:00,Trump Kennedy Center - Opera House,Washington,DC,38.900501000,-77.049004000,Arts & Theatre,https://www.ticketmaster.com/event/Z7r9jZ1A7j3oY,ticketmaster
West Side Story w/ Washington National Opera,2026-05-21,19:30:00,Trump Kennedy Center - Opera House,Washington,DC,38.900501000,-77.049004000,Arts & Theatre,https://www.ticketmaster.com/event/Z7r9jZ1A7j3os,ticketmaster
West Side Story w/ Washington National Opera,2026-05-22,19:30:00,Trump Kennedy Center - Opera House,Washington,DC,38.900501000,-77.049004000,Arts & Theatre,https://www.ticketmaster.com/event/Z7r9jZ1A7j3ow,ticketmaster
"Georgian National Ballet ""Sukhishvili""",2026-10-28,20:00:00,Lisner Auditorium,Washington,DC,38.89940401,-77.04714194,Arts & Theatre,https://www.ticketmaster.com/georgian-national-ballet-sukhishvili-washington-district-of-columbia-10-28-2026/event/150062E1A9B32B06,ticketmaster
The Moss,2026-04-22,20:00:00,Union Stage,Washington,DC,38.877998000,-77.019798000,Music,https://www.ticketmaster.com/event/Z7r9jZ1A7jUFv,ticketmaster
Glow Block Party: Chris Lake,2026-04-18,16:00:00,Pennsylvania Avenue,Washington,DC,38.89331000,-77.02195000,Music,https://www.ticketmaster.com/glow-block-party-chris-lake-washington-district-of-columbia-04-18-2026/event/1500645888DB10CD,ticketmaster
Fulton Lee - Sing With Me Tour 2026,2026-06-17,19:00:00,Union Stage,Washington,DC,38.87868900,-77.02409700,Music,https://www.unionstagepresents.com/shows/fulton-lee-sing-with-me-tour-2026-17-jun,ticketmaster
Touché Amoré: Stage Four 10 Year Anniversary,2026-04-18,20:00:00,Howard Theatre,Washington,DC,38.9153136,-77.0210937,Music,https://www.ticketweb.com/event/touch-amor-stage-four-10-howard-theatre-tickets/14646773,ticketmaster
Asim Azhar,2026-04-24,18:00:00,Union Stage,Washington,DC,38.87868900,-77.02409700,Music,https://www.unionstagepresents.com/shows/asim-azhar/,ticketmaster
 Mother's Day Celebration,2026-05-09,19:00:00,CareFirst Arena,Washington,DC,38.84683200,-76.99112900,Music,https://www.ticketmaster.com/mothers-day-celebration-washington-district-of-columbia-05-09-2026/event/15006389DC8FB066,ticketmaster
"Sarah Kinsley, Charlie Burg",2026-04-25,20:00:00,Howard Theatre,Washington,DC,38.9153136,-77.0210937,Music,https://www.ticketweb.com/event/sarah-kinsley-charlie-burg-howard-theatre-tickets/14722383,ticketmaster
Zainab Johnson,2026-06-06,18:00:00,Howard Theatre,Washington,DC,38.91543378,-77.02113555,Arts & Theatre,https://www.ticketweb.com/event/zainab-johnson-live-in-dc-howard-theatre-tickets/14162174,ticketmaster
Naomi Watanabe: From Tokyo ,2026-05-27,19:00:00,Howard Theatre,Washington,DC,38.91543378,-77.02113555,Arts & Theatre,https://www.ticketweb.com/event/naomi-watanabe-from-tokyo-howard-theatre-tickets/14723003?pl=howardtheatre&refid=artist,ticketmaster
Naomi Watanabe,2026-05-27,18:30:00,Howard Theatre,Washington,DC,38.91543378,-77.02113555,Arts & Theatre,https://www.ticketweb.com/event/naomi-watanabe-from-tokyo-howard-theatre-tickets/14723003?pl=howardtheatre&refid=artist,ticketmaster
Goldcoast Ent & USP Present: Juicy J & Project Pat,2026-07-24,20:00:00,Howard Theatre,Washington,DC,38.9153136,-77.0210937,Music,https://www.ticketweb.com/event/goldcoast-ent-usp-present-howard-theatre-tickets/14779813,ticketmaster
Concrete Boys,2026-04-19,20:00:00,Union Stage,Washington,DC,38.877998000,-77.019798000,Music,https://www.ticketmaster.com/event/Z7r9jZ1A7-_oN,ticketmaster
Georgetown Hoyas Football vs. Holy Cross Crusaders Football,2026-11-07,,Cooper Field,Washington,DC,38.914700000,-77.077103000,Sports,https://www.ticketmaster.com/event/Z7r9jZ1A7-OkZ,ticketmaster
The Strike plus special guest,2026-07-08,20:00:00,Howard Theatre,Washington,DC,38.9153136,-77.0210937,Music,https://www.ticketweb.com/event/the-strike-plus-special-guest-howard-theatre-tickets/14777803,ticketmaster
"JOSH THOMAS: JIGGLE, JIGGLE",2026-10-15,19:30:00,Sixth & I,Washington,DC,38.90063200,-77.02025600,Arts & Theatre,https://josh-thomas-jiggle-jiggle.eventbrite.com/,ticketmaster
"National Symphony Orchestra: Death and Transfiguration
Khachatryan plays Sibelius",2026-04-03,11:30:00,Trump Kennedy Center - Concert Hall,Washington,DC,38.900501000,-77.049004000,Music,https://www.ticketmaster.com/event/Z7r9jZ1A7jvuM,ticketmaster
"National Symphony Orchestra: Death and Transfiguration
Khachatryan plays Sibelius",2026-04-02,19:00:00,Trump Kennedy Center - Concert Hall,Washington,DC,38.900501000,-77.049004000,Music,https://www.ticketmaster.com/event/Z7r9jZ1A7jvua,ticketmaster
"National Symphony Orchestra: Death and Transfiguration
Khachatryan plays Sibelius",2026-04-04,20:00:00,Trump Kennedy Center - Concert Hall,Washington,DC,38.900501000,-77.049004000,Music,https://www.ticketmaster.com/event/Z7r9jZ1A7jvuo,ticketmaster
"National Symphony Orchestra: Bruckner???s Seventh
Gerlach plays Haydn",2026-04-10,20:00:00,Trump Kennedy Center - Concert Hall,Washington,DC,38.900501000,-77.049004000,Music,https://www.ticketmaster.com/event/Z7r9jZ1A7jvux,ticketmaster
"National Symphony Orchestra	Bruckner's Seventh, Gerlach plays Haydn",2026-04-11,20:00:00,Trump Kennedy Center - Concert Hall,Washington,DC,38.900501000,-77.049004000,Music,https://www.ticketmaster.com/event/Z7r9jZ1A7jfbU,ticketmaster
"National Symphony Orchestra	Mozart's ""Jupiter"" & Bach's Brandenburg no. 1",2026-04-15,19:00:00,Trump Kennedy Center - Concert Hall,Washington,DC,38.900501000,-77.049004000,Music,https://www.ticketmaster.com/event/Z7r9jZ1A7jfbM,ticketmaster
"National Symphony Orchestra	Mozart's ""Jupiter"" & Bach's Brandenburg no. 1",2026-04-16,19:00:00,Trump Kennedy Center - Concert Hall,Washington,DC,38.900501000,-77.049004000,Music,https://www.ticketmaster.com/event/Z7r9jZ1A7jfbz,ticketmaster
National Symphony Orchestra: Mozart???s ???Jupiter??? & Bach???s Brandenburg No. 1,2026-04-17,20:00:00,Trump Kennedy Center - Concert Hall,Washington,DC,38.900501000,-77.049004000,Music,https://www.ticketmaster.com/event/Z7r9jZ1A7jvuP,ticketmaster
National Symphony Orchestra	Opera in Concert: Puccini's Il trittico,2026-04-29,19:00:00,Trump Kennedy Center - Concert Hall,Washington,DC,38.900501000,-77.049004000,Music,https://www.ticketmaster.com/event/Z7r9jZ1A7jfby,ticketmaster
National Symphony Orchestra: Opera in Concert: Puccini???s Il trittico,2026-05-01,19:00:00,Trump Kennedy Center - Concert Hall,Washington,DC,38.900501000,-77.049004000,Music,https://www.ticketmaster.com/event/Z7r9jZ1A7jvuY,ticketmaster
National Symphony Orchestra: Ren??e Fleming???s Voice of Nature: The Anthropocene,2026-05-29,20:00:00,Trump Kennedy Center - Concert Hall,Washington,DC,38.900501000,-77.049004000,Music,https://www.ticketmaster.com/event/Z7r9jZ1A7jvuE,ticketmaster
National Symphony Orchestra: Ren??e Fleming???s Voice of Nature: The Anthropocene,2026-05-30,20:00:00,Trump Kennedy Center - Concert Hall,Washington,DC,38.900501000,-77.049004000,Music,https://www.ticketmaster.com/event/Z7r9jZ1A7jvCZ,ticketmaster
National Symphony Orchestra	Cann Plays Coleman,2026-06-05,20:00:00,Trump Kennedy Center - Concert Hall,Washington,DC,38.900501000,-77.049004000,Music,https://www.ticketmaster.com/event/Z7r9jZ1A7jf_Z,ticketmaster
National Symphony Orchestra	Cann Plays Coleman,2026-06-06,20:00:00,Trump Kennedy Center - Concert Hall,Washington,DC,38.900501000,-77.049004000,Music,https://www.ticketmaster.com/event/Z7r9jZ1A7jf_v,ticketmaster
National Symphony Orchestra: Philip Glass??? ???Lincoln??? Dalene plays Barber,2026-06-13,20:00:00,Trump Kennedy Center - Concert Hall,Washington,DC,38.900501000,-77.049004000,Music,https://www.ticketmaster.com/event/Z7r9jZ1A7jvuF,ticketmaster
Magnolia Park - Nights After VAMP Tour,2026-04-21,19:00:00,Union Stage,Washington,DC,38.87868900,-77.02409700,Music,https://www.unionstagepresents.com/shows/magnolia-park-nights-after-vamp-tour-silly-goose-pink-noise/,ticketmaster
Curren$y and Friends,2026-04-20,20:00:00,Howard Theatre,Washington,DC,38.9153136,-77.0210937,Music,https://www.ticketweb.com/event/curreny-and-friends-howard-theatre-tickets/14162834,ticketmaster
Drugdealer,2026-05-03,19:00:00,Union Stage,Washington,DC,38.87868900,-77.02409700,Music,https://www.unionstagepresents.com/shows/drugdealer-03-may,ticketmaster
"Dry Cleaning, Hotline TNT",2026-05-08,20:00:00,Howard Theatre,Washington,DC,38.9153136,-77.0210937,Music,https://www.ticketweb.com/event/dry-cleaning-hotline-tnt-howard-theatre-tickets/13984274,ticketmaster
Arlo Parks,2026-08-29,20:00:00,Howard Theatre,Washington,DC,38.9153136,-77.0210937,Music,https://www.ticketweb.com/event/arlo-parks-howard-theatre-tickets/14749123,ticketmaster
JACQUELINE NOVAK: 2026 TOUR,2026-04-02,20:00:00,Howard Theatre,Washington,DC,38.9153136,-77.0210937,Arts & Theatre,https://www.ticketweb.com/event/jacqueline-novak-2026-tour-howard-theatre-tickets/14097484,ticketmaster
The James Hunter Six,2026-04-19,20:00:00,The Hamilton,Washington,DC,38.904202000,-77.031502000,Music,https://www.ticketmaster.com/event/Z7r9jZ1A7-SO7,ticketmaster
Salsa at The Howard Theatre with Live Band tribute to Fania All Stars,2026-04-03,20:00:00,Howard Theatre,Washington,DC,38.9153136,-77.0210937,Music,https://www.ticketweb.com/event/salsa-at-the-howard-theatre-howard-theatre-tickets/14782383,ticketmaster
DDG,2026-04-27,20:00:00,Union Stage,Washington,DC,38.877998000,-77.019798000,Music,https://www.ticketmaster.com/event/Z7r9jZ1A7-SFY,ticketmaster
Inherit the Wind,2026-04-01,19:30:00,Fichandler Theatre,Washington,DC,38.877998000,-77.019798000,Arts & Theatre,https://www.ticketmaster.com/event/Z7r9jZ1A7j-86,ticketmaster
Inherit the Wind,2026-04-02,12:00:00,Fichandler Theatre,Washington,DC,38.877998000,-77.019798000,Arts & Theatre,https://www.ticketmaster.com/event/Z7r9jZ1A7j-C_,ticketmaster
Inherit the Wind,2026-04-03,20:00:00,Fichandler Theatre,Washington,DC,38.877998000,-77.019798000,Arts & Theatre,https://www.ticketmaster.com/event/Z7r9jZ1A7j-8f,ticketmaster
Inherit the Wind,2026-04-04,20:00:00,Fichandler Theatre,Washington,DC,38.877998000,-77.019798000,Arts & Theatre,https://www.ticketmaster.com/event/Z7r9jZ1A7j-88,ticketmaster
Inherit the Wind,2026-04-05,14:00:00,Fichandler Theatre,Washington,DC,38.877998000,-77.019798000,Arts & Theatre,https://www.ticketmaster.com/event/Z7r9jZ1A7j-C8,ticketmaster
2025-26 Wizards Partial Plan Deposit,2026-04-01,20:00:00,Capital One Arena,Washington,DC,38.897564,-77.0210579999999881,,,ticketmaster
2025-26 George's Kids Club,2026-04-01,20:00:00,Charles E. Smith Center,Washington ,DC,38.897856999999994,-77.049347,,,ticketmaster
Visiting Team Post Game Pass: 04/01/26,2026-04-01,19:00:00,Capital One Arena,Washington,DC,38.897564,-77.0210579999999881,,,ticketmaster
United Globe Lounge: 4/1/26,2026-04-01,19:00:00,Capital One Arena,Washington,DC,38.897564,-77.0210579999999881,,,ticketmaster
4/1/26 Devils Backbone Philadelphia 76ers,2026-04-01,19:00:00,Capital One Arena,Washington,DC,38.897564,-77.0210579999999881,,,ticketmaster
Suite: Wizards vs 76ers,2026-04-01,19:00:00,Capital One Arena,Washington,DC,38.897564,-77.0210579999999881,,,ticketmaster
Power FC vs. Lexington Sporting Club,2026-04-01,19:00:00,Audi Field,Washington,DC,38.868333,-77.0122220000000119,,,ticketmaster
United Globe Club: 4/1/26,2026-04-01,19:00:00,Capital One Arena,Washington,DC,38.897564,-77.0210579999999881,,,ticketmaster
Wizards Post Game Pass: 04/01/26,2026-04-01,19:00:00,Capital One Arena,Washington,DC,38.897564,-77.0210579999999881,,,ticketmaster
JUSTB SNOW ANGEL TOUR IN N.A - LIVE IN WASHINGTON D.C.,2026-04-01,19:00:00,Howard Theatre,Washington,DC,38.9153136,-77.0210937,Music,https://www.ticketweb.com/event/justb-snow-angel-tour-in-howard-theatre-tickets/14761663,ticketmaster
Ultra Club: Nate Bargatze,2026-04-03,19:00:00,Capital One Arena,Washington,DC,38.897564,-77.0210579999999881,,,ticketmaster
Suite: Nate Bargatze,2026-04-03,19:00:00,Capital One Arena,Washington,DC,38.897564,-77.0210579999999881,,,ticketmaster
1300SAINT,2026-04-04,19:00:00,Union Stage,Washington,DC,38.87868900,-77.02409700,Music,https://www.unionstagepresents.com/shows/1300saint-04-apr,ticketmaster
United Globe Club: 04/04/26,2026-04-04,19:00:00,Capital One Arena,Washington,DC,38.897564,-77.0210579999999881,,,ticketmaster
Capitals Post Game Pass: 04/04/26,2026-04-04,19:00:00,Capital One Arena,Washington,DC,38.897564,-77.0210579999999881,,,ticketmaster
Suite: Capitals vs Sabres,2026-04-04,19:00:00,Capital One Arena,Washington,DC,38.897564,-77.0210579999999881,,,ticketmaster
United Globe Lounge: 04/04/25,2026-04-04,19:00:00,Capital One Arena,Washington,DC,38.897564,-77.0210579999999881,,,ticketmaster
Visiting Team Post Game Pass: 04/04/26,2026-04-04,19:00:00,Capital One Arena,Washington,DC,38.897564,-77.0210579999999881,,,ticketmaster
UO Music Showcase,2026-04-04,17:00:00,Howard Theatre,Washington,DC,38.9153136,-77.0210937,Music,https://www.ticketweb.com/event/uo-music-showcase-howard-theatre-tickets/14138994,ticketmaster
"Club 1BD ft. Arty Furtado, Chvmeleon, Kendollaz, DJ Vic",2026-04-04,22:00:00,Howard Theatre,Washington,DC,38.9153136,-77.0210937,Music,https://www.ticketweb.com/event/club-1bd-ft-arty-furtado-howard-theatre-tickets/14021904,ticketmaster
Ship Fee BEAUTY AND THE BEAST,2026-04-05,20:00:00,The National Theatre,Washington,DC,38.8962665199999928,-77.0305303500000238,,,ticketmaster
Print Fee BEAUTY AND THE BEAST,2026-04-05,20:00:00,The National Theatre,Washington,DC,38.8962665199999928,-77.0305303500000238,,,ticketmaster
Sons of Legion,2026-04-07,20:00:00,The Hamilton,Washington,DC,38.904202000,-77.031502000,Music,https://www.ticketmaster.com/event/Z7r9jZ1A7qw8a,ticketmaster
United Globe Club: 4/7/26,2026-04-07,19:00:00,Capital One Arena,Washington,DC,38.897564,-77.0210579999999881,,,ticketmaster
Wizards Post Game Pass: 04/07/26,2026-04-07,19:00:00,Capital One Arena,Washington,DC,38.897564,-77.0210579999999881,,,ticketmaster
Visiting Team Post Game Pass: 04/07/26,2026-04-07,19:00:00,Capital One Arena,Washington,DC,38.897564,-77.0210579999999881,,,ticketmaster
4/7/26 Devils Backbone Chicago Bulls,2026-04-07,19:00:00,Capital One Arena,Washington,DC,38.897564,-77.0210579999999881,,,ticketmaster
United Globe Lounge: 4/7/26,2026-04-07,19:00:00,Capital One Arena,Washington,DC,38.897564,-77.0210579999999881,,,ticketmaster
Suite: Wizards vs Bulls,2026-04-07,19:00:00,Capital One Arena,Washington,DC,38.897564,-77.0210579999999881,,,ticketmaster
Suite: Cardi B,2026-04-08,19:30:00,Capital One Arena,Washington,DC,38.897564,-77.0210579999999881,,,ticketmaster
4/9/26 Devils Backbone Chicago Bulls,2026-04-09,19:00:00,Capital One Arena,Washington,DC,38.897564,-77.0210579999999881,,,ticketmaster
Wizards Post Game Pass: 04/09/26,2026-04-09,19:00:00,Capital One Arena,Washington,DC,38.897564,-77.0210579999999881,,,ticketmaster
Suite: Wizards vs Bulls,2026-04-09,19:00:00,Capital One Arena,Washington,DC,38.897564,-77.0210579999999881,,,ticketmaster
United Globe Lounge: 4/9/26,2026-04-09,19:00:00,Capital One Arena,Washington,DC,38.897564,-77.0210579999999881,,,ticketmaster
United Globe Club: 4/9/26,2026-04-09,19:00:00,Capital One Arena,Washington,DC,38.897564,-77.0210579999999881,,,ticketmaster
Visiting Team Post Game Pass: 04/09/26,2026-04-09,19:00:00,Capital One Arena,Washington,DC,38.897564,-77.0210579999999881,,,ticketmaster
United Globe Lounge: 4/10/26,2026-04-10,19:00:00,Capital One Arena,Washington,DC,38.897564,-77.0210579999999881,,,ticketmaster
United Globe Club: 4/10/26,2026-04-10,19:00:00,Capital One Arena,Washington,DC,38.897564,-77.0210579999999881,,,ticketmaster
4/10/26 Devils Backbone Miami Heat,2026-04-10,19:00:00,Capital One Arena,Washington,DC,38.897564,-77.0210579999999881,,,ticketmaster
Visiting Team Post Game Pass: 04/10/26,2026-04-10,19:00:00,Capital One Arena,Washington,DC,38.897564,-77.0210579999999881,,,ticketmaster
Suite: Wizards vs Heat,2026-04-10,19:00:00,Capital One Arena,Washington,DC,38.897564,-77.0210579999999881,,,ticketmaster
